选项,指标,20260331,20251231,20250930,20250630,20250331,20241231,20240930,20240630,20240331,20231231,20230930,20230630,20230331,20221231,20220930,20220630,20220331,20211231,20210930,20210630,20210331,20201231,20200930,20200630,20200331,20191231,20190930,20190630,20190331,20181231,20180930,20180630,20180331,20171231,20170930,20170630,20170331,20161231,20160930,20160630,20160331,20151231,20150930,20150630,20150331,20141231,20140930,20140630,20140331,20131231,20130930,20130630,20130331,20121231,20120930,20120630,20120331,20111231,20110930,20110630,20110331,20101231,20100930,20100630,20100331,20091231,20090930,20090630,20090331,20081231,20080930,20080630,20080331,20071231,20070930,20070630,20070331,20061231,20060930,20060630,20060331,20051231,20050930,20050630,20050331,20041231,20040930,20040630,20040331,20031231,20030930,20030630,20030331,20021231,20020930,20020630,20020331,20011231,20010630,20001231,20000630,19991231,19990630,19981231,19971231,19961231,19951231
常用指标,归母净利润,-96526368.67,-950044769.06,-522761655.87,-299260842.78,-167411096.39,-983241221.9,-425342760.02,-248419842.01,-105861600.54,-798492094.42,-366310106.33,-219404072.93,-15833518.31,30818940.9,80513790.19,70024937.26,28717405.09,43024700.11,40491485.82,23963179.02,10291196.67,-980415270.43,-115444476.99,-75492302.71,-49895100.61,39061990.38,58399374.57,47801916.07,15277138.29,-237604386.97,101550960.27,122556343.08,28666539.95,51426433.36,110724540.44,186825609.75,109945947.11,267771348.98,254928210.66,181938124.25,100844720.17,274870323.1,157276688.42,105369447.63,58012945.51,223599382.19,159427829.59,113663710.99,61219317.51,209549573.03,139420453.3,98427367.04,49797695.84,171075403.08,121009352.72,81915761.11,38123207.27,130821931.6,95489955.85,62968241.58,31809817.22,63244672.89,36576800.34,21765838.78,10144314.79,21961562.5,18606309.94,13632517.67,8388417.93,38717629.83,36344593.49,26285148.06,12893826.83,56955997.67,39768996.83,26578647.68,13024076.9,57398488.68,59918441.09,37262025.78,15915804.63,71237731.58,56551019.2,34858475.96,14997971.81,60093665.09,42975581.43,24285259.15,12475426.92,32404314.75,24382293.8,11839308.21,8172507.31,30022962.31,21432672.39,14479937.26,8031019.63,29539390.96,22064237.81,48878789.3,33057537.0,74523860.0,41119999.0,40735140.06,32778715.91,23704580.43,20116284.86
常用指标,营业总收入,395488510.05,1356412412.06,1007567399.33,699238134.16,319887881.2,1301285899.5,939093018.28,650101867.19,328476335.51,1574569180.76,1237798383.72,827908698.76,501563240.42,2410193840.71,1807936731.84,1275463838.53,605353852.91,2652332244.24,1897363293.92,1321526410.8,630869340.46,2450502580.91,1910739938.88,1204006708.54,404528898.5,2913720060.71,2272652492.83,1657774515.37,754250866.77,3165898900.03,2510026252.2,1731645811.93,662408049.55,2957961565.56,2089439974.92,1468288726.88,675060368.91,2177955806.8,1707853927.27,1157472065.03,530438960.4,1816949034.99,1273089140.23,847551617.8,409511237.98,1662062031.88,1208221530.09,808410681.24,407544763.97,1556311681.43,1159026355.44,785348487.08,373360903.72,1255810040.57,879873049.16,584498033.2,282576302.05,1019154065.29,754200263.59,494540209.19,226712091.55,821746664.22,591572448.93,366063723.08,142704629.11,598569468.91,460271860.53,309076345.59,133523000.98,652898263.58,482052445.66,321300012.14,161396366.5,696704483.93,533347717.83,362187779.22,167174580.63,699985311.05,512600810.13,336153696.89,149072808.36,635852180.16,476705907.86,307792114.47,150051406.66,545887463.46,395571271.05,254890820.6,124610893.48,354549964.74,259004096.05,157162669.21,81096599.44,304874064.15,217419475.99,138868838.82,66503057.89,289324929.47,166700652.72,324621945.87,167232316.0,244398906.0,120557320.0,178134339.86,187348531.69,173737235.13,159039782.57
常用指标,营业成本,491262888.28,1983355727.05,1433463353.9,951823902.72,438061858.46,1871319763.69,1316668680.24,861217722.86,417775323.19,2066047619.66,1535462474.41,1002357149.63,500039054.54,2370598468.02,1721280219.52,1172161638.26,583348796.22,2501335485.31,1802164777.02,1227284575.92,614903077.86,2636906065.98,2001445525.45,1264489096.06,452487632.6,2844218595.39,2273792038.83,1646101496.03,764244347.94,3203684847.32,2377841397.87,1572068469.67,627325541.01,2876782566.6,1963289979.55,1264100256.59,555100472.59,1870869922.92,1423330380.92,957943058.7,420674166.77,1536132222.69,1121178549.52,744281126.5,351048251.67,1422327595.55,1037253777.59,687273580.1,343072029.48,1341561858.05,1018373256.45,684900622.9,319575181.92,1075773594.62,752316296.26,499336694.63,240414744.92,884099739.24,657141030.63,432490295.9,196778706.5,743298388.56,528774185.64,316703778.02,129581050.12,568524981.16,427539951.92,285796376.4,121477537.53,599167373.85,435833212.51,289670516.47,146065349.15,622774082.33,475903573.82,324304933.59,149006012.07,613492972.83,424664378.24,281606864.71,125162971.66,526131534.81,393997779.41,257102295.27,127466461.53,462485819.63,333711409.22,218115013.55,105555398.75,306354057.18,222151595.21,137863031.12,69174886.64,266177739.81,190625832.58,122369697.67,60199520.82,254910471.21,142320407.69,265105929.04,122145734.0,160076665.0,74117677.0,138483159.67,154156544.92,145171919.31,142677250.65
常用指标,净利润,-94938905.36,-949846135.07,-521982988.29,-298680598.83,-168068792.69,-983426898.92,-425342760.02,-248419842.01,-105861600.54,-798492094.42,-366310106.33,-219404072.93,-15833518.31,30818940.9,80513790.19,70024937.26,28717405.09,43024700.11,40491485.82,23963179.02,10291196.67,-980415270.43,-115444476.99,-75492302.71,-49895100.61,41966019.23,61303403.42,50705944.92,12775129.54,-249638591.55,100236004.67,121294547.24,28405754.33,49852632.5,110191229.04,186641189.38,109731247.47,267745655.81,254731963.83,181938124.25,100844720.17,274870323.1,157276688.42,105369447.63,58012945.51,223599382.19,159427829.59,113663710.99,61219317.51,209549573.03,139420453.3,98427367.04,49797695.84,171075403.08,121009352.72,81915761.11,38123207.27,130821931.6,95489955.85,62968241.58,31809817.22,67566764.16,40898891.61,26087930.05,11796660.92,29889837.64,24689252.98,17850952.39,10168147.57,42131914.12,37466182.75,26614775.79,12893826.83,56955997.67,39768996.83,26578647.68,13024076.9,57398488.68,59941276.37,37255947.12,15876915.98,71237731.58,56551019.2,34858475.96,14997971.81,60093665.09,42975581.43,24285259.15,12475426.92,32404314.75,24382293.8,11839308.21,8172507.31,30022962.31,21432672.39,14479937.26,8031019.63,29539390.96,22064237.81,48878789.3,33057537.0,74523860.0,41119999.0,40735140.06,32778715.91,23704580.43,20116284.86
常用指标,扣非净利润,-96449226.95,-959706318.13,-521613007.48,-300119388.68,-167920791.94,-998759274.16,-443507401.68,-258554402.66,-125180534.8,-800721251.09,-373112397.02,-223752048.91,-16612030.3,15755450.09,67284152.67,57384069.8,17715536.29,115307812.33,41976564.32,23245642.49,8748428.05,-630518595.55,-117411573.85,-77905829.3,-50868600.44,-37854299.71,36768923.53,27114045.03,6349127.0,-134837446.75,91898564.85,116393468.77,28756498.74,330173192.27,100924035.6,78240594.31,27491261.48,362777627.96,238991121.72,171221527.23,96530561.76,260725393.91,153507705.47,97808162.52,57738080.23,219427903.23,157731148.32,112608372.7,60792277.59,209672317.04,140446135.12,99833243.07,50663151.57,170707821.49,121524794.06,81519256.83,38912573.04,125484999.02,91022911.9,59137726.79,28554185.02,61217866.59,36264686.61,21187499.05,9736269.71,21998716.92,18548622.85,13338415.69,7563843.33,35416951.28,33334108.06,23795954.61,12826353.63,49469957.04,40113701.79,26761311.87,,53596853.47,59772232.57,36722380.13,16174082.78,70822565.85,56782647.75,34931319.07,15095688.04,56648035.81,42744310.35,24235518.21,12463760.16,32842043.43,24783291.98,12413764.75,8199965.07,27552837.4,18607800.86,11738970.73,,29491322.06,21955644.32,45228150.15,31430000.0,63151264.0,,,,,
常用指标,股东权益合计(净资产),519827648.89,629036998.0,1030933357.51,1243915908.4,1352764035.48,1520828937.8,2068075070.5,2244950538.67,2387521400.73,2493388060.59,2925529942.37,3072416332.96,3276133755.33,3291928999.19,3341564612.51,3331238482.57,3290086399.25,3261356890.06,3258778936.24,3242261444.42,3228543051.11,3218270758.19,4083144561.63,4123006630.39,4148603016.75,4198532707.81,4498321763.35,4494812655.08,4456864892.08,4529299949.44,4877792848.65,4901781834.7,4807282708.0,4780837510.1,4838017207.6,4811179004.27,4790149796.91,4760278633.1,4736504906.91,4663716780.62,4622219511.58,4521375585.11,3576966819.35,3525059578.56,3505504349.8,2409158580.23,2344987027.63,2299222909.03,2273446622.45,2212227304.94,2142098185.21,2101105098.95,2073809913.27,2024012217.43,1973946167.07,1934852575.46,1906747143.32,1868623936.05,1833291960.3,1800770246.03,1143361833.79,1111552016.57,1084884144.02,1070073182.46,1093405171.12,1081608510.2,1076407925.54,1069569624.95,1074207570.43,1062247777.27,1059766668.09,1049516175.5,1015713623.77,1002819796.94,987305691.12,973913053.45,986889032.78,972663799.27,971879469.41,949147346.2,928536944.46,912444901.45,897734975.94,876042432.7,872261928.55,857263956.74,914682559.41,895992237.13,884182404.9,872122690.38,789100669.43,776557683.84,772890882.94,778118375.63,774135956.66,767183221.53,760734303.9,752703284.27,745309918.48,437272147.12,462744698.0,429687161.0,407965139.0,366845140.06,82000000.0,81577148.72,66650263.85
常用指标,商誉,,,,,,,,,,,,,,,,,,,,,,,,,,,,,,,177805986.35,177805986.35,177805986.35,177805986.35,295503756.5,295503756.5,295503756.5,295503756.5,295503756.5,295503756.5,295503756.5,295503756.5,,,,,,,,,,,,,,,,,,,,,,,20011281.0,20011281.0,20011281.0,20011281.0,20011281.0,20011281.0,19602264.54,18976823.05,,,,,,,,,,,,,,,,,,,,,,,,,,,,,,,,,,,
常用指标,经营现金流量净额,46687230.8,-150651862.85,-134342496.29,-99307786.14,-85750220.73,41288068.39,93182107.03,29988461.32,79179523.68,438812342.55,266139979.31,136324303.01,70432925.25,705659436.85,519372010.11,390733523.15,135766439.58,978648583.39,744096924.11,484062958.23,141010137.34,429461582.7,112233305.24,136224027.34,-28925123.4,277224615.75,169623940.11,87387235.51,184047437.75,292466751.49,-107208462.02,-58069515.37,-39654607.05,26279684.23,23455785.2,37232922.65,19791701.79,208792557.99,95392066.29,91130870.62,-70150886.56,475422426.43,51509105.74,74310589.78,-87838933.06,427349337.68,297616614.19,138427128.11,35988830.51,443471694.22,255673293.17,204161784.2,125372731.49,380672733.79,255793457.62,167156781.39,101966081.03,227574658.53,102790641.12,88093154.86,93963536.62,372082527.98,192720113.41,103725847.17,30655956.01,155148781.87,103872268.41,24832975.17,-2262173.9,184415967.89,88783961.56,28327243.57,-117017.04,148674762.31,50949489.55,21109984.86,-18351939.71,90785339.51,49078732.43,35643117.14,1458787.66,58187571.11,41167515.62,15170680.05,1972274.61,113678336.63,102220966.97,51283455.05,15666441.08,30803205.66,8646643.41,-4314025.11,-7982728.18,15241829.16,,-13156364.69,,-9748169.84,-6532145.13,22399553.17,-10746184.0,53899592.0,28852037.0,37514372.89,,,
常用指标,基本每股收益,-0.0693,-0.6824,-0.3755,-0.215,-0.1203,-0.7063,-0.3055,-0.1784,-0.076,-0.5736,-0.2631,-0.1576,-0.0114,0.0221,0.0578,0.0503,0.0206,0.0309,0.0291,0.0172,0.0074,-0.7042,-0.08,-0.0523,-0.0346,0.029,0.0402,0.0329,0.0103,-0.1609,0.0688,0.083,0.0194,0.0361,0.0776,0.131,0.0771,0.1877,0.1787,0.1276,0.1273,0.4007,0.2323,0.1577,0.0905,0.4192,0.2989,0.2131,0.1148,0.3929,0.2614,0.1845,0.0934,0.3207,0.2269,0.1536,0.0715,0.2578,0.1914,0.1308,0.1187,0.236,0.1365,0.0812,0.0379,0.082,0.069,0.051,0.03,0.14,0.1356,0.1,0.05,0.2125,0.15,0.1005,0.05,0.214,0.22,0.139,0.06,0.27,,0.13,,0.22,,0.091,,0.12,0.091,0.044,,0.11,,0.054,,0.11,0.09,0.2,,,,0.42,,,
常用指标,每股净资产,0.321477,0.388382,0.684637,0.839597,0.931016,1.047095,1.433987,1.556632,1.655489,1.728896,2.02854,2.13039,2.271646,2.282599,2.317016,2.309856,2.281321,2.2614,2.259613,2.248159,2.238647,2.231525,2.831222,2.858862,2.87661,2.911231,3.099277,3.102471,3.08005,3.075454,3.304249,3.320462,3.255774,3.23541,3.388651,3.369763,6.039117,6.129728,5.977672,5.885567,5.833197,5.705933,5.146479,5.071795,5.04366,4.516928,4.396613,4.31081,4.262482,4.147702,4.016217,3.939359,3.888183,3.794817,3.700949,3.627652,6.077428,5.955917,5.843302,5.739645,4.266275,4.147582,4.048075,3.99281,3.999446,3.961594,3.949074,3.930516,3.917633,3.879648,3.877479,3.839943,3.789976,3.735179,3.683976,3.634003,3.682421,3.615298,3.626415,3.541594,3.46469,3.404645,3.349757,3.268815,3.254708,3.198746,3.134695,3.064955,3.020888,2.974338,2.944405,2.897603,2.883921,2.853426,2.888567,2.862623,2.83856,2.808594,2.781007,1.792098,1.896494,1.761012,3.343976,3.006927,1.64,1.631542,1.333005
常用指标,每股现金流,0.032372,-0.10446,-0.093152,-0.068859,-0.059458,0.028628,0.064611,0.020793,0.054902,0.304269,0.184539,0.094526,0.048837,0.489299,0.360128,0.270931,0.094139,0.678587,0.515951,0.335645,0.097775,0.297785,0.077821,0.094456,-0.020056,0.192225,0.116868,0.060208,0.126805,0.198105,-0.072618,-0.039334,-0.02686,0.0178,0.016444,0.026104,0.036723,0.263494,0.120383,0.115006,-0.088529,0.599978,0.07411,0.106916,-0.126381,0.801236,0.558001,0.259536,0.067475,0.831464,0.479361,0.382782,0.235061,0.713722,0.479586,0.316288,0.324999,0.725355,0.327627,0.280781,0.35061,1.388367,0.719104,0.387036,0.114387,0.578913,0.387583,0.091248,-0.009146,0.688119,0.331283,0.105698,-0.000436,0.554756,0.19011,0.078768,-0.068477,0.333647,0.179374,0.132216,0.005673,0.217117,0.15361,0.056607,0.007359,0.424172,0.381421,0.191356,0.058456,0.114937,0.032263,-0.016097,-0.029786,0.056872,,-0.04909,,-0.036373,-0.024373,0.091801,-0.044041,0.220899,0.236492,0.307494,,,
常用指标,净资产收益率(ROE),-18.86,-91.78,-41.86,-22.0,-11.74,-49.12,-18.65,-10.49,-4.34,-27.61,-11.78,-6.89,-0.48,0.94,2.44,2.12,0.84,1.33,1.25,0.74,0.32,-26.44,-2.79,-1.81,-1.2,4.7,1.3,1.06,0.34,-5.36,2.1,1.81,0.6,1.08,2.24,3.79,2.24,5.78,5.48,3.94,2.21,7.81,4.62,3.17,1.85,9.68,6.98,2.73,2.73,9.89,6.68,4.75,2.43,8.8,6.28,4.3,2.02,6.34,6.34,4.66,2.82,5.82,3.4,2.03,0.95,2.09,,1.3,,3.79,,2.59,,5.75,,2.73,,6.08,,3.94,,8.05,,3.99,,7.26,,3.0,,4.08,,1.54,,3.93,2.4,1.91,,4.3,3.48,11.12,,,,28.48,,,
常用指标,总资产报酬率(ROA),-0.371506,-8.802559,-4.27321,-2.342733,-1.350734,-9.206054,-2.758296,-1.453419,-0.475129,-5.223877,-1.378701,-0.610165,0.652735,3.796561,3.245887,2.333421,1.134029,3.090252,2.789626,1.781448,0.890415,-6.512731,1.06365,0.691716,0.198899,3.185632,2.860258,1.835,0.747019,0.6212,3.086206,2.582574,0.970958,3.138304,3.111594,2.154547,0.934733,7.13976,5.03905,3.536491,1.885003,7.040895,4.757912,3.275237,1.732986,7.734214,5.531489,3.912731,2.01854,7.969524,5.546006,3.931597,2.024582,7.88532,5.465112,3.892293,1.874064,7.659034,5.769446,3.807316,2.187846,6.353346,4.287549,2.801499,1.225332,3.902718,3.444036,2.413774,1.259773,6.101368,4.73039,3.23134,1.604424,7.255351,5.097124,3.28458,1.593423,7.302716,6.593182,4.182265,1.88962,8.916596,6.838817,4.256786,1.929233,7.782931,4.985926,3.065448,1.51523,4.911084,3.990607,2.126029,1.309052,5.050558,3.559389,2.47854,1.170635,5.341172,3.514589,10.519359,7.78533,17.834833,10.071097,15.837216,21.063512,15.943702,12.477089
常用指标,毛利率,12.128547,0.904001,4.611266,5.899578,7.973629,3.387806,10.306189,15.179354,21.734842,15.626668,18.756525,21.82428,32.758426,30.706949,34.509086,36.545301,32.532301,30.826321,31.020719,31.72836,27.668394,20.172123,22.552864,21.960047,27.174477,25.041818,24.980132,23.656637,23.393828,22.925761,28.484714,32.109492,32.453668,30.164242,28.682913,31.716584,36.491345,40.277053,38.886779,39.566301,42.740674,35.935607,34.423058,33.763326,33.142808,32.689696,34.218611,34.298274,34.294046,32.989466,31.967291,31.455366,32.644871,33.022812,34.414803,33.894753,32.334947,31.278964,30.88097,28.631839,25.77768,29.806587,31.307991,34.30564,33.069191,29.100784,27.923437,27.45688,31.53469,28.596024,30.043783,27.475318,29.465914,29.802682,28.576769,27.541108,29.761489,26.053314,31.06747,31.60427,32.959466,32.840312,32.028946,31.52221,29.652233,31.320452,30.484332,30.296758,28.187051,30.597259,28.751885,25.997589,26.503882,28.296623,28.91867,29.291933,26.040332,29.280791,32.000126,31.168752,36.727729,45.552843,45.687204,38.187132,36.93,35.039124,31.286764
常用指标,销售净利率,-24.005477,-70.026352,-51.80626,-42.715147,-52.539906,-75.573469,-45.292931,-38.212448,-32.228075,-50.711782,-29.593681,-26.500998,-3.156833,1.278691,4.453352,5.490154,4.743903,1.622145,2.134092,1.813295,1.631272,-40.008742,-6.041872,-6.270089,-12.334125,1.44029,2.697438,3.058675,1.69375,-7.885235,3.993424,7.004581,4.288256,1.685371,5.27372,6.597569,5.914567,15.651639,14.915325,15.718575,19.011559,15.128125,12.353941,12.432215,14.166386,13.45313,13.195248,14.060144,15.021495,13.464499,12.029101,12.532954,13.337683,13.622713,13.753046,14.014719,13.491296,12.836325,12.661087,12.732683,14.030931,8.222335,6.913589,7.126608,8.266487,4.993545,5.364058,5.77558,7.615277,6.453059,7.772221,8.566276,7.98892,8.326443,7.56082,7.563499,7.994358,8.629329,12.499202,11.561969,11.432417,11.442859,12.124749,11.565856,10.189833,11.172954,10.922705,9.490306,9.81821,9.303953,9.618234,7.734073,10.305678,9.995152,9.995523,10.596466,12.219281,10.423417,13.477774,15.325425,20.043292,32.009784,37.50474,22.955807,17.550675,13.730016,12.666393
常用指标,期间费用率,34.789122,45.077984,44.696471,39.578957,42.967664,45.125903,48.523705,45.811228,47.316692,44.891039,40.913399,41.032663,31.564905,27.66123,28.205126,26.965468,27.440889,23.828551,24.722174,23.305152,24.731975,25.931841,25.548449,26.292011,38.294612,21.612802,24.05774,22.136127,23.787718,22.966467,22.14772,21.460695,25.827332,20.095492,20.049837,19.192209,23.52089,19.877489,20.206305,18.892782,18.771776,17.733899,17.863031,17.560466,15.928303,16.525271,17.655416,17.188614,15.47692,18.267997,17.385334,15.879165,16.853909,18.694868,18.55294,17.799712,17.068154,19.174852,18.756128,17.474152,15.931896,21.139651,19.520357,20.159556,22.914362,21.668919,20.714744,19.817297,21.796858,20.370651,20.281929,20.558887,19.159503,18.311851,17.20462,17.010117,17.737041,16.515095,16.737566,17.679603,18.385863,17.352394,16.503539,16.827379,16.254742,17.308437,16.555889,17.678358,15.47696,18.557885,16.3854,16.057141,13.734653,16.911698,17.820558,18.842484,17.634542,19.229777,18.885519,14.598154,11.382657,14.24216,13.28504,16.227682,19.469888,19.124684,21.124736
常用指标,资产负债率,92.783292,91.434549,86.72743,84.009446,82.60766,80.442065,75.2177,73.977635,73.266635,72.290782,69.077772,69.172166,67.65012,65.834102,66.697006,67.106556,68.086267,69.522306,69.601405,70.226773,69.501265,67.723216,64.022653,62.836965,63.208536,61.431673,58.531866,62.464921,61.249643,59.354391,58.413083,57.678472,56.064004,54.122295,51.65405,49.097005,47.565256,44.168872,43.969621,44.245415,43.026489,40.383606,45.172452,43.598218,41.759371,51.510397,53.420547,51.571076,52.007869,51.258662,52.08596,49.672595,49.630949,47.382591,49.888227,42.662231,42.224501,41.333713,41.484354,42.828342,54.312735,53.023114,54.871755,56.069637,54.500885,48.884273,50.127127,48.289084,47.327089,46.306848,48.592474,47.625086,47.267841,47.924798,48.330009,51.078692,48.585525,47.574244,48.068388,47.952121,45.054852,42.661946,43.979808,45.646707,43.198478,38.954483,45.104533,41.938716,38.632463,32.012558,25.45381,24.889916,25.830224,26.743806,25.058639,24.978186,23.369401,20.919518,24.407967,36.813498,33.076499,19.523058,19.661796,17.069135,66.563544,64.541141,67.220704
每股指标,基本每股收益,-0.0693,-0.6824,-0.3755,-0.215,-0.1203,-0.7063,-0.3055,-0.1784,-0.076,-0.5736,-0.2631,-0.1576,-0.0114,0.0221,0.0578,0.0503,0.0206,0.0309,0.0291,0.0172,0.0074,-0.7042,-0.08,-0.0523,-0.0346,0.029,0.0402,0.0329,0.0103,-0.1609,0.0688,0.083,0.0194,0.0361,0.0776,0.131,0.0771,0.1877,0.1787,0.1276,0.1273,0.4007,0.2323,0.1577,0.0905,0.4192,0.2989,0.2131,0.1148,0.3929,0.2614,0.1845,0.0934,0.3207,0.2269,0.1536,0.0715,0.2578,0.1914,0.1308,0.1187,0.236,0.1365,0.0812,0.0379,0.082,0.069,0.051,0.03,0.14,0.1356,0.1,0.05,0.2125,0.15,0.1005,0.05,0.214,0.22,0.139,0.06,0.27,,0.13,,0.22,,0.091,,0.12,0.091,0.044,,0.11,,0.054,,0.11,0.09,0.2,,,,0.42,,,
每股指标,稀释每股收益,-0.0693,-0.6824,-0.3755,-0.215,-0.1203,-0.7063,-0.3055,-0.1784,-0.076,-0.5736,-0.2631,-0.1576,-0.0114,0.0221,0.0578,0.0503,0.0206,0.0309,0.0291,0.0172,0.0074,-0.7042,-0.08,-0.0523,-0.0346,0.029,0.0402,0.0329,0.0103,-0.1609,0.0688,0.083,0.0194,0.0361,0.0776,0.131,0.0771,0.1877,0.1787,0.1276,0.1273,0.4007,0.2323,0.1577,0.0905,0.4192,0.2989,0.2131,0.1148,0.3929,0.2614,0.1845,0.0934,0.3207,0.2269,0.1536,0.0715,0.2578,0.1914,0.1308,0.1187,0.236,0.1365,0.0812,0.0379,0.082,0.069,0.051,0.03,0.14,0.1357,0.1,0.05,0.2125,0.15,0.1005,0.05,0.214,0.22,0.139,0.06,,,,,,,,,,,,,,,,,,,,,,,,,,
每股指标,摊薄每股收益_最新股数,-0.06693,-0.658753,-0.362479,-0.207505,-0.116081,-0.681772,-0.294929,-0.172252,-0.073403,-0.553668,-0.253996,-0.152133,-0.010978,0.021369,0.055827,0.048554,0.019912,0.029833,0.028076,0.016615,0.007135,-0.679812,-0.080048,-0.052345,-0.034596,0.027085,0.040493,0.033145,0.010593,-0.164753,0.070414,0.084979,0.019877,0.035658,0.076775,0.059808,0.020864,0.256317,0.176765,0.126154,0.069924,0.190593,0.109054,0.073062,0.040225,0.155042,0.110546,0.078813,0.042449,0.1453,0.096673,0.068248,0.034529,0.118622,0.083906,0.056799,0.026434,0.09071,0.066212,0.043661,0.022056,0.043853,0.025362,0.015092,0.007033,0.015227,0.012901,0.009452,0.005816,0.026846,0.025201,0.018225,0.00894,0.039492,0.027961,0.018675,0.009266,0.039145,0.041211,0.025449,0.011158,0.049395,0.039212,0.02417,0.010399,0.041668,0.029798,0.016839,0.00865,0.022468,0.016906,0.008209,0.005666,0.020817,0.014861,0.01004,0.005568,0.020482,0.015299,0.033892,0.022921,0.051674,0.028512,0.028245,0.022728,0.016436,0.013948
每股指标,摊薄每股净资产_期末股数,0.321477,0.388382,0.684637,0.839597,0.931016,1.047095,1.433987,1.556632,1.655489,1.728896,2.02854,2.13039,2.271646,2.282599,2.317016,2.309856,2.281321,2.2614,2.259613,2.248159,2.238647,2.231525,2.831222,2.858862,2.87661,2.911231,3.099277,3.102471,3.08005,3.075454,3.304249,3.320462,3.255774,3.23541,3.388651,3.369763,6.039117,6.129728,5.977672,5.885567,5.833197,5.705933,5.146479,5.071795,5.04366,4.516928,4.396613,4.31081,4.262482,4.147702,4.016217,3.939359,3.888183,3.794817,3.700949,3.627652,6.077428,5.955917,5.843302,5.739645,4.266275,4.147582,4.048075,3.99281,3.999446,3.961594,3.949074,3.930516,3.917633,3.879648,3.877479,3.839943,3.789976,3.735179,3.683976,3.634003,3.682421,3.615298,3.626415,3.541594,3.46469,3.404645,3.349757,3.268815,3.254708,3.198746,3.134695,3.064955,3.020888,2.974338,2.944405,2.897603,2.883921,2.853426,2.888567,2.862623,2.83856,2.808594,2.781007,1.792098,1.896494,1.761012,3.343976,3.006927,1.64,1.631542,1.333005
每股指标,调整每股净资产_期末股数,0.003368,0.062725,0.365521,0.524417,0.623053,0.745091,1.204011,1.329193,1.429031,1.505634,1.76749,1.869374,2.01081,2.019435,2.042743,2.031334,2.005306,1.985049,2.035956,2.022557,2.011277,2.003409,2.647536,2.674489,2.692318,2.725572,2.921987,2.850498,2.849157,2.851576,2.937019,2.970574,2.902805,2.879691,2.957197,2.966565,5.322392,5.428262,5.274567,5.176969,5.11947,4.99667,4.933669,4.863927,4.84281,4.255206,4.131559,4.091797,4.044386,3.930255,3.962286,3.886349,3.838811,3.746262,3.64739,3.574298,5.988971,5.867486,5.752114,5.650703,4.162852,4.038374,3.930744,3.87432,3.798299,3.76017,3.773401,3.754621,3.757203,3.705332,3.553328,3.688515,3.711872,3.658204,3.613803,3.57065,3.61053,3.583098,3.593279,3.507764,3.429927,3.36895,3.31313,3.231253,3.216262,3.159486,3.095588,3.02611,2.981203,2.933816,2.902859,2.855234,2.84127,2.813923,2.840201,2.813807,2.789232,2.758878,2.733218,1.736542,1.839425,1.715587,3.264922,2.951221,1.5408,1.492142,1.185405
每股指标,每股净资产_最新股数,0.321477,0.388382,0.684637,0.839597,0.931016,1.047095,1.433987,1.556632,1.655489,1.728896,2.02854,2.13039,2.271646,2.282599,2.317016,2.309856,2.281321,2.2614,2.259613,2.248159,2.238647,2.231525,2.831222,2.858862,2.87661,2.911231,3.119102,3.122317,3.099753,3.148244,3.382454,3.39905,3.332831,3.311986,3.35137,3.33269,3.318154,3.367939,3.284393,3.233786,3.205012,3.135088,2.480242,2.44425,2.43069,1.670492,1.625996,1.594264,1.57639,1.533941,1.485314,1.45689,1.437964,1.403435,1.368719,1.341612,1.322124,1.295689,1.271191,1.24864,0.792798,0.770741,0.75225,0.74198,0.743213,0.736179,0.733853,0.730404,0.72801,0.720951,0.720548,0.713573,0.704288,0.694105,0.68459,0.675304,0.684301,0.671828,0.673894,0.658131,0.64384,0.632682,0.622482,0.607441,0.604819,0.59442,0.582517,0.569558,0.561369,0.552718,0.547156,0.538459,0.535916,0.53025,0.53678,0.531959,0.527487,0.521918,0.516792,0.303201,0.320863,0.297941,0.282879,0.254367,0.056858,0.056564,0.046214
每股指标,每股经营现金流,0.032372,-0.10446,-0.093152,-0.068859,-0.059458,0.028628,0.064611,0.020793,0.054902,0.304269,0.184539,0.094526,0.048837,0.489299,0.360128,0.270931,0.094139,0.678587,0.515951,0.335645,0.097775,0.297785,0.077821,0.094456,-0.020056,0.192225,0.116868,0.060208,0.126805,0.198105,-0.072618,-0.039334,-0.02686,0.0178,0.016444,0.026104,0.036723,0.263494,0.120383,0.115006,-0.088529,0.599978,0.07411,0.106916,-0.126381,0.801236,0.558001,0.259536,0.067475,0.831464,0.479361,0.382782,0.235061,0.713722,0.479586,0.316288,0.324999,0.725355,0.327627,0.280781,0.35061,1.388367,0.719104,0.387036,0.114387,0.578913,0.387583,0.091248,-0.009146,0.688119,0.331283,0.105698,-0.000436,0.554756,0.19011,0.078768,-0.068477,0.333647,0.179374,0.132216,0.005673,0.217117,0.15361,0.056607,0.007359,0.424172,0.381421,0.191356,0.058456,0.114937,0.032263,-0.016097,-0.029786,0.056872,,-0.04909,,-0.036373,-0.024373,0.091801,-0.044041,0.220899,0.236492,0.307494,,,
每股指标,每股现金流量净额,-0.141951,-0.046277,0.021447,0.008684,0.02826,0.001498,0.011501,0.01079,0.009089,-0.033636,-0.05948,0.059053,0.083737,-0.009833,0.060762,0.078124,0.02665,-0.077686,-0.088673,0.009598,-0.082788,0.131115,0.061121,-0.070069,0.005596,-0.31709,-0.027908,0.433697,0.121481,0.012064,0.246051,0.326262,-0.001579,0.24991,0.316834,0.133846,0.219438,-0.275277,-0.104507,-0.020483,0.380948,0.394327,-0.001028,0.264039,1.156309,-0.153749,0.206138,0.030845,-0.030961,-0.045846,0.138979,-0.19911,0.016804,0.180865,0.848808,0.099744,0.359969,0.111544,1.19108,1.808913,0.081327,0.249322,-0.122165,0.103534,-0.070462,0.253953,0.342147,0.280864,0.245048,-0.12669,0.005927,-0.196264,-0.196478,0.001565,-0.158722,0.153966,-0.134102,0.378156,0.327999,0.336809,0.179691,-0.00313,0.032382,0.183493,0.097902,0.300723,-0.168359,-0.014704,0.176539,0.243871,-0.127269,-0.171423,-0.14453,-0.299759,,-0.136262,,0.409999,0.701523,0.05118,0.057837,-0.497908,-0.146675,1.284326,,,
每股指标,每股企业自由现金流量,,0.229745,,0.05974,,0.422083,,0.162351,,0.071228,,0.43263,,0.018199,,-0.017971,,0.455734,,0.366638,,0.105006,,-0.004027,,0.140989,,0.089418,,0.637845,,0.011984,,-1.112195,,-0.029912,,0.91427,,-0.014483,,-1.448168,,-1.375609,,0.147603,,0.048907,,1.040293,,0.05571,,-0.733985,,-0.129534,,-1.946939,,-1.653295,,-0.774317,,-0.845402,,0.373192,,0.150713,,0.203479,,0.369658,,-0.26864,,-0.554378,,-0.475111,-0.118275,-0.019255,-0.339237,0.010429,-0.054708,0.017877,-0.010042,-0.894329,0.082173,-0.151654,0.02617,-0.17116,0.139499,0.13775,-0.018559,0.575274,,0.35935,,-1.008894,-1.04256,-0.165785,-0.090183,0.231239,0.203388,-1.930871,,,
每股指标,每股股东自由现金流量,,0.100947,,-0.053016,,0.689248,,0.501335,,0.115879,,0.675015,,0.190825,,0.243881,,0.728455,,0.408141,,0.091867,,0.014991,,0.26114,,0.422886,,1.17953,,0.689008,,-0.408153,,0.383607,,1.434077,,0.463661,,-1.076326,,-1.329568,,0.440087,,0.190462,,1.55964,,0.145705,,0.177214,,0.144201,,-2.312526,,-1.508909,,-0.177302,,0.180716,,1.081028,,0.691757,,-0.188311,,0.397643,,-0.172038,,-0.237213,,0.345784,0.59068,0.540445,-0.07797,0.478713,0.406112,0.489892,0.238091,0.670968,1.119486,0.661777,0.477662,0.338168,0.219723,0.117227,-0.027887,0.693598,,0.360992,,-1.06192,-1.079873,0.367001,0.393423,0.231239,0.092543,-2.486289,,,
每股指标,每股未分配利润,-1.951886,-1.884956,-1.588681,-1.433707,-1.342283,-1.226202,-0.839359,-0.716682,-0.617833,-0.544429,-0.244758,-0.142894,-0.00174,0.009238,0.046073,0.0388,0.010158,-0.009753,-0.007108,-0.018569,-0.028049,-0.035184,0.564579,0.592281,0.61003,0.644627,0.829614,0.822312,0.799903,0.776059,1.004852,1.019081,0.955483,0.936066,1.018839,1.001683,1.78215,1.872755,1.758313,1.6662,1.613861,1.486596,1.559669,1.484986,1.45685,1.789674,1.711243,1.62544,1.577112,1.462332,1.370128,1.29327,1.242095,1.148729,1.086644,1.013348,1.63311,1.511599,1.440297,1.33664,1.448515,1.329822,1.248526,1.193261,1.199897,1.162045,1.158414,1.139855,1.126304,1.088988,1.101066,1.063531,1.013563,0.959435,0.92731,0.877337,0.925755,0.852949,0.885132,0.80031,0.723406,0.663361,0.661722,0.58078,0.566674,0.510711,0.491684,0.421944,0.377877,0.331327,0.325576,0.278774,0.265092,0.234598,0.288704,0.262761,0.238698,0.208732,0.203189,0.132412,0.275078,0.139597,0.604164,0.267115,,0.397699,0.230442
每股指标,每股资本公积金,1.248348,1.248348,1.248348,1.248348,1.248348,1.248348,1.248348,1.248348,1.248348,1.248348,1.248348,1.248348,1.248348,1.248348,1.248348,1.248348,1.248348,1.248348,1.248348,1.248348,1.248348,1.248348,1.248348,1.248348,1.248348,1.248348,1.251536,1.262016,1.262016,1.281553,1.281553,1.283579,1.282534,1.281553,1.216744,1.214978,2.981327,2.981327,2.97412,2.97412,2.97412,2.97412,2.341284,2.341284,2.341284,1.407307,1.407307,1.407307,1.407307,1.407307,1.407307,1.407307,1.407307,1.407307,1.407307,1.407307,3.092422,3.092422,3.092422,3.092422,1.454166,1.454166,1.454166,1.454166,1.454166,1.454166,1.454166,1.454166,1.454166,1.454166,1.454166,1.454166,1.454166,1.454166,1.454755,1.454755,1.454755,1.465942,1.465942,1.465942,1.465942,1.465942,1.465855,1.465855,1.465855,1.465855,1.465678,1.465678,1.465678,1.465678,1.465678,1.465678,1.465678,1.465678,1.465678,1.465678,1.465678,1.465678,1.465678,0.536516,0.536516,0.536516,1.673032,1.673032,,,
每股指标,每股盈余公积金,0.166458,0.166458,0.166458,0.166458,0.166458,0.166458,0.166458,0.166458,0.166458,0.166458,0.166458,0.166458,0.166458,0.166458,0.164081,0.164081,0.164081,0.164081,0.159679,0.159679,0.159679,0.159679,0.159679,0.159679,0.159679,0.159679,0.158664,0.158664,0.158664,0.155987,0.155987,0.155987,0.155987,0.155987,0.153071,0.153071,0.275528,0.275528,0.245183,0.245183,0.245183,0.245183,0.245524,0.245524,0.245524,0.319946,0.278062,0.278062,0.278062,0.278062,0.238781,0.238781,0.238781,0.238781,0.206997,0.206997,0.351895,0.351895,0.310582,0.310582,0.363593,0.363593,0.345382,0.345382,0.345382,0.345382,0.336494,0.336494,0.337162,0.336494,0.322246,0.322246,0.322246,0.321577,0.301911,0.301911,0.301911,0.296406,0.275341,0.275341,0.275341,0.275341,0.222178,0.222178,0.222178,0.222178,0.177332,0.177332,0.177332,0.177332,0.15315,0.15315,0.15315,0.15315,0.134184,0.134184,0.134184,0.134184,0.112139,0.123169,0.084899,0.084899,0.066778,0.066778,0.64,0.233843,0.102563
每股指标,每股留存收益,-1.785427,-1.718497,-1.422222,-1.267248,-1.175824,-1.059743,-0.6729,-0.550223,-0.451374,-0.377971,-0.078299,0.023564,0.164718,0.175697,0.210155,0.202882,0.17424,0.154327,0.152571,0.14111,0.13163,0.124494,0.724259,0.751961,0.76971,0.804307,0.988278,0.980977,0.958568,0.932047,1.16084,1.175068,1.111471,1.092054,1.17191,1.154754,2.057679,2.148284,2.003497,1.911384,1.859045,1.73178,1.805194,1.73051,1.702375,2.109621,1.989305,1.903502,1.855174,1.740394,1.608909,1.532052,1.480876,1.38751,1.293641,1.220345,1.985005,1.863494,1.75088,1.647222,1.812109,1.693415,1.593908,1.538644,1.54528,1.507428,1.494908,1.476349,1.463467,1.425482,1.423312,1.385777,1.335809,1.281013,1.229221,1.179248,1.227666,1.149356,1.160473,1.075652,0.998747,0.938702,0.883901,0.802959,0.788852,0.73289,0.669016,0.599276,0.55521,0.50866,0.478727,0.431925,0.418243,0.387748,0.422888,0.396945,0.372882,0.342916,0.315329,0.255582,0.359978,0.224496,0.670943,0.333894,0.64,0.631542,0.333005
每股指标,每股营业收入,0.274228,0.940526,0.698639,0.484846,0.221807,0.902301,0.65116,0.450775,0.227763,1.091794,0.85828,0.574065,0.34778,1.67121,1.253609,0.884397,0.419747,1.839107,1.315617,0.916336,0.43744,1.69916,1.324892,0.834849,0.280497,2.020351,1.565824,1.142182,0.519667,2.144455,1.700193,1.172949,0.448689,2.003607,1.464918,0.914648,0.637456,2.980334,2.155295,1.460718,0.669409,2.292972,1.831699,1.219442,0.589197,3.116198,2.265293,1.515688,0.764105,2.917926,2.173057,1.472448,0.700013,2.354516,1.649672,1.095874,0.900663,3.248378,2.403883,1.576261,0.84594,3.066218,2.207359,1.365909,0.532479,2.233468,1.717432,1.153269,0.49822,2.436187,1.798703,1.1593,0.602225,2.552378,1.990103,1.328691,0.623785,2.441137,1.774279,1.184481,0.525216,2.322954,1.740335,1.124594,0.5492,2.0069,1.453902,0.938488,0.458321,1.299572,0.945898,0.571193,0.295899,1.120803,0.800084,0.509883,0.245239,1.057442,0.610851,1.307127,0.675945,0.954163,0.898684,1.45451,3.735322,3.452957,3.176323
每股指标,每股营业总收入,0.274228,0.940526,0.698639,0.484846,0.221807,0.902301,0.65116,0.450775,0.227763,1.091794,0.85828,0.574065,0.34778,1.67121,1.253609,0.884397,0.419747,1.839107,1.315617,0.916336,0.43744,1.69916,1.324892,0.834849,0.280497,2.020351,1.565824,1.142182,0.519667,2.144455,1.700193,1.172949,0.448689,2.003607,1.464918,0.914648,0.637456,2.980334,2.155295,1.460718,0.669409,2.292972,1.831699,1.219442,0.589197,3.116198,2.265293,1.515688,0.764105,2.917926,2.173057,1.472448,0.700013,2.354516,1.649672,1.095874,0.900663,3.248378,2.403883,1.576261,0.84594,3.066218,2.207359,1.365909,0.532479,2.233468,1.717432,1.153269,0.49822,2.436187,1.798703,1.19888,0.602225,2.599643,1.990103,1.351446,0.623785,2.532268,1.847207,1.223611,0.538187,2.372582,1.778753,1.148478,0.559893,2.036893,1.476012,0.951085,0.464966,1.322947,0.966433,0.586427,0.302599,1.137589,0.811266,0.518167,0.248145,1.07957,0.622017,1.330417,0.685378,1.001634,0.988174,1.460117,3.74697,3.474744,3.180795
每股指标,每股息税前利润,-0.018736,-0.461431,-0.230276,-0.126341,-0.072838,-0.53539,-0.165853,-0.088813,-0.029534,-0.337471,-0.091277,-0.041465,0.044722,0.267672,0.233334,0.168497,0.082604,0.221471,0.200113,0.12884,0.063459,-0.470934,0.081995,0.052712,0.015282,0.243302,0.216686,0.146141,0.058274,0.045368,0.231519,0.192453,0.070249,0.201784,0.202567,0.136068,0.104392,0.734016,0.509933,0.355899,0.186705,0.557679,0.393363,0.264323,0.136979,0.689306,0.496411,0.340621,0.175524,0.626472,0.432428,0.295647,0.15115,0.519799,0.364994,0.23935,0.193696,0.677592,0.505623,0.334683,0.198732,0.531282,0.361562,0.237909,0.10331,0.298118,0.265799,0.182236,0.09443,0.443582,0.351245,0.236461,0.115082,0.510807,0.357767,0.235446,0.1121,0.468611,0.425949,0.266459,0.115678,0.498338,0.38364,0.239528,0.105817,0.390173,0.274318,0.161619,0.076993,0.21318,0.156529,0.082414,0.050944,0.188049,0.131804,0.0913,0.042469,0.163807,0.110027,0.264268,0.195491,0.356797,0.392178,0.446292,1.001154,0.690986,0.507394
盈利能力,净资产收益率(ROE),-18.86,-91.78,-41.86,-22.0,-11.74,-49.12,-18.65,-10.49,-4.34,-27.61,-11.78,-6.89,-0.48,0.94,2.44,2.12,0.84,1.33,1.25,0.74,0.32,-26.44,-2.79,-1.81,-1.2,4.7,1.3,1.06,0.34,-5.36,2.1,1.81,0.6,1.08,2.24,3.79,2.24,5.78,5.48,3.94,2.21,7.81,4.62,3.17,1.85,9.68,6.98,2.73,2.73,9.89,6.68,4.75,2.43,8.8,6.28,4.3,2.02,6.34,6.34,4.66,2.82,5.82,3.4,2.03,0.95,2.09,,1.3,,3.79,,2.59,,5.75,,2.73,,6.08,,3.94,,8.05,,3.99,,7.26,,3.0,,4.08,,1.54,,3.93,2.4,1.91,,4.3,3.48,11.12,,,,28.48,,,
盈利能力,摊薄净资产收益率,-20.819694,-169.61478,-52.944677,-24.71485,-12.46827,-65.110818,-20.567085,-11.065715,-4.433953,-32.024381,-12.521153,-7.141091,-0.483298,0.936197,2.409463,2.102069,0.872846,1.319226,1.242535,0.739088,0.318756,-30.464039,-2.827342,-1.831001,-1.202696,0.930372,1.298248,1.061567,0.341738,-5.233174,2.081763,2.500099,0.596404,1.076656,2.29087,1.794603,0.628796,7.61051,5.381977,3.90114,2.181738,6.079351,4.396928,2.989153,1.65491,9.281223,6.798665,4.94357,2.692797,9.472334,6.508593,4.684552,2.401266,8.452291,6.130326,4.23,1.999384,7.0,5.20866,3.496739,2.78213,5.69,3.371493,2.034051,0.946428,2.07,1.758,1.29,0.8,3.72,3.5,2.55,1.27,5.68,4.06,2.77,1.35,5.83,6.31,3.87,1.73,7.81,6.39,3.98,1.73,7.01,5.25,2.96,1.54,4.07,3.09,1.52,1.06,3.93,2.77,1.89,1.055693,3.92,2.971,11.18,7.14,17.34,10.08,11.1,39.97,29.06,30.18
盈利能力,净资产收益率_平均,-18.857425,-91.781863,-41.86317,-21.996721,-11.736611,-49.119176,-18.6494,-10.485525,-4.337781,-27.604091,-11.783273,-6.894788,-0.482136,0.940564,2.438732,2.124351,0.876674,1.327999,1.250306,0.741832,0.319264,-26.437676,-2.787949,-1.814383,-1.195502,0.893981,1.292211,1.057177,0.339086,-5.100533,2.103676,2.532534,0.598275,1.079049,2.309504,1.804184,0.630779,7.883017,5.507152,3.961595,2.2058,7.932154,5.254707,3.551249,1.961665,9.676724,6.996722,5.038899,2.729548,9.893188,6.693075,4.7721,2.430446,8.789693,6.298354,4.307415,2.019574,8.779477,6.48523,4.324263,2.821377,5.82026,3.407895,2.042033,0.950928,2.090131,1.773636,1.3026,0.802845,3.791078,3.559733,2.587216,1.277544,5.771518,4.114907,2.767198,1.364039,6.001579,6.308316,3.943123,1.748202,8.050785,6.444564,4.022194,1.734344,7.264766,5.24982,3.000901,1.552905,4.114203,3.111536,1.523057,1.05383,3.957102,2.807456,1.905397,1.061295,4.964706,3.731536,11.275913,7.408417,18.712074,10.614211,18.151088,40.077377,31.98407,30.181853
盈利能力,净资产收益率_平均_扣除非经常损益,-18.842354,-92.715245,-41.771185,-22.059827,-11.772344,-49.894402,-19.445839,-10.913293,-5.129393,-27.681153,-12.002086,-7.031423,-0.505842,0.480841,2.038011,1.740864,0.540813,3.559087,1.296163,0.71962,0.271403,-17.002435,-2.835453,-1.872389,-1.218827,-0.866341,0.813591,0.599648,0.140923,-2.894487,1.903722,2.405183,0.600153,6.927825,2.105084,1.636548,0.576294,7.736313,5.162867,3.728248,2.111435,7.523962,5.128783,3.296412,1.95237,9.496194,6.922261,4.992114,2.710508,9.898983,6.742314,4.840262,2.472686,8.770807,6.325182,4.286565,2.06139,8.421314,6.181849,4.061207,2.532618,5.633737,3.378815,1.987774,0.912678,2.093667,1.768137,1.274498,0.723926,3.467888,3.264874,2.342208,1.270858,5.012935,4.093298,2.749576,,5.697716,6.344155,3.945265,1.757114,8.003866,6.47096,4.030599,1.745644,6.848222,5.221568,2.994755,1.551453,4.169779,3.162709,1.596958,1.057371,3.631533,2.437427,1.544716,,4.956627,3.71317,10.433742,7.043675,15.856548,,,,,
盈利能力,摊薄净资产收益率_扣除非经常损益,-20.803055,-171.339689,-52.828343,-24.785754,-12.506231,-66.138433,-21.44542,-11.517153,-5.243116,-32.113783,-12.753668,-7.282608,-0.507062,0.478608,2.013552,1.722604,0.538452,3.535577,1.288107,0.716957,0.270971,-19.591844,-2.875518,-1.889539,-1.226162,-0.901607,0.817392,0.602138,0.142025,-2.969759,1.883892,2.374379,0.598276,0.862999,2.0881,1.627857,0.574483,7.468878,5.045518,3.671353,2.088402,5.766505,4.29156,2.774652,1.647069,9.108072,6.726312,4.89767,2.674013,9.477883,6.556475,4.751463,2.442998,8.434129,6.156439,4.213202,2.040783,6.715369,4.964998,3.284023,2.497388,5.507422,3.342724,1.980004,0.908359,2.072013,1.753,1.27,0.72,3.4,3.21,2.31,1.26,4.93,4.04,2.75,1.34,5.53,6.150169,3.87,1.741888,7.761845,6.325101,3.99,1.730637,6.61,5.088013,2.95,1.539499,4.12,3.1407,1.6,1.060947,3.6,,1.53,,3.92,2.934867,10.34,,,,,,,
盈利能力,息税前利润率,-6.83244,-49.060992,-32.960724,-26.05795,-32.838474,-59.336031,-25.470415,-19.702391,-12.967034,-30.909823,-10.634919,-7.223118,12.859366,16.016678,18.613005,19.05224,19.679474,12.04235,15.210638,14.060363,14.506949,-27.715709,6.188819,6.313989,5.448309,12.042582,13.838478,12.794921,11.213883,2.115623,13.617271,16.407678,15.656504,10.07107,13.827909,14.876534,16.376427,24.628663,23.65956,24.364704,27.891036,24.321255,21.475322,21.675749,23.248469,22.120124,21.913798,22.473063,22.971277,21.469798,19.899542,20.078621,21.592446,22.076691,22.125288,21.841056,21.505947,20.85942,21.03362,21.232739,23.49253,17.326973,16.379847,17.417695,19.40176,13.347792,15.476552,15.801753,18.953544,18.20804,19.527735,19.723524,19.109575,19.649136,17.977318,17.421776,17.971007,18.505582,23.059095,21.776453,21.494108,21.004066,21.567927,20.856153,18.899583,19.155327,18.585118,16.993192,16.558882,16.114023,16.19664,14.053718,16.835603,16.530555,16.246719,17.619909,17.114687,15.173433,17.688813,19.863587,28.523137,35.62153,39.687161,30.56553,26.719036,19.885977,15.951803
盈利能力,总资产报酬率,-0.371506,-8.802559,-4.27321,-2.342733,-1.350734,-9.206054,-2.758296,-1.453419,-0.475129,-5.223877,-1.378701,-0.610165,0.652735,3.796561,3.245887,2.333421,1.134029,3.090252,2.789626,1.781448,0.890415,-6.512731,1.06365,0.691716,0.198899,3.185632,2.860258,1.835,0.747019,0.6212,3.086206,2.582574,0.970958,3.138304,3.111594,2.154547,0.934733,7.13976,5.03905,3.536491,1.885003,7.040895,4.757912,3.275237,1.732986,7.734214,5.531489,3.912731,2.01854,7.969524,5.546006,3.931597,2.024582,7.88532,5.465112,3.892293,1.874064,7.659034,5.769446,3.807316,2.187846,6.353346,4.287549,2.801499,1.225332,3.902718,3.444036,2.413774,1.259773,6.101368,4.73039,3.23134,1.604424,7.255351,5.097124,3.28458,1.593423,7.302716,6.593182,4.182265,1.88962,8.916596,6.838817,4.256786,1.929233,7.782931,4.985926,3.065448,1.51523,4.911084,3.990607,2.126029,1.309052,5.050558,3.559389,2.47854,1.170635,5.341172,3.514589,10.519359,7.78533,17.834833,10.071097,15.837216,21.063512,15.943702,12.477089
盈利能力,总资本回报率,-0.728986,-14.842498,-6.821651,-3.669617,-2.087727,-12.838654,-3.837834,-1.924671,-0.648379,-6.443089,-1.679678,-0.719846,0.790575,4.401505,3.842999,2.698239,1.332759,3.67997,3.703726,2.348919,1.21393,-8.06103,1.407343,0.869569,0.259369,3.837883,3.453839,2.149163,0.898668,0.727183,3.548322,2.99497,1.130346,3.590839,3.5274,2.451373,1.065328,8.093327,5.69876,3.99773,2.118743,7.99359,5.498126,3.739099,1.934191,8.942471,6.509358,4.563156,2.376833,9.140714,6.388621,4.510574,2.315179,8.950819,6.17596,4.4346,2.121374,8.624968,6.319765,4.174444,2.430851,6.881652,4.641785,3.015518,1.314066,4.224346,3.751681,2.607664,1.362318,6.647649,5.16588,3.557076,1.740164,7.838489,5.494324,3.57929,1.729693,7.950239,7.288801,4.652805,2.088381,9.884862,7.657093,4.814267,2.178932,9.085289,6.161825,3.75415,1.837643,5.964196,4.706025,2.533987,1.571481,5.782132,4.030921,2.794068,1.297058,6.115282,4.116674,12.935646,9.441488,21.85941,12.35032,21.079,37.276373,29.114117,21.405018
盈利能力,投入资本回报率,-0.902122,-14.176209,-6.539782,-3.412224,-2.03956,-11.631796,-3.616075,-1.79148,-0.565405,-5.917808,-1.56471,-0.658122,0.800732,4.333238,3.883908,2.78806,1.370655,4.402301,3.703868,2.351932,1.215746,-7.853065,1.455792,0.899748,0.264151,3.819239,3.681691,2.263895,1.076888,0.736301,3.31912,2.746945,1.06839,3.121412,3.214224,2.227465,0.94007,7.149212,5.072148,3.575559,1.91829,7.212245,5.004622,3.462777,1.826468,8.114883,5.945661,4.179447,2.211725,8.333993,5.877238,4.159126,2.079878,8.133387,5.634982,4.070887,1.901553,7.742533,5.696777,3.769425,2.196133,6.074412,3.980211,2.459787,1.141127,3.754812,2.974586,2.052392,1.110225,5.509139,4.36538,3.04163,1.496631,6.216515,4.471237,2.902814,1.411725,6.026062,5.484501,3.470187,1.570214,7.092928,5.737011,3.614921,1.619612,6.729131,4.572338,2.724918,1.352132,4.256172,3.280648,1.736229,1.135701,4.357382,2.958645,2.116365,1.057339,5.379271,3.783256,10.587707,6.598996,18.391058,10.477224,18.266016,31.918244,24.729268,21.405018
盈利能力,息前税后总资产报酬率_平均,-0.437914,-8.404779,-4.086623,-2.170949,-1.328028,-8.34288,-2.598916,-1.35284,-0.414326,-4.797993,-1.284334,-0.557846,0.661121,3.737676,3.28044,2.411098,1.166275,3.696829,2.789733,1.783733,0.891747,-6.344711,1.100267,0.715723,0.202566,3.196522,3.075362,1.958083,0.873067,0.517376,2.874981,2.357232,0.265941,2.694705,1.186707,1.943106,0.337591,6.306566,3.176689,3.163028,1.284888,6.352673,2.737047,3.033195,1.05599,7.018445,3.330749,3.583716,1.319974,7.266168,3.352513,3.62526,1.250587,7.165194,3.397105,3.573058,1.175654,6.875425,3.47289,3.437917,1.306693,5.800935,1.809684,1.146258,0.522076,1.460046,1.193677,0.88224,0.50616,2.162368,1.882739,1.357095,0.670743,3.018602,2.143726,1.401959,0.70883,5.535257,3.432743,3.119246,0.98084,6.398144,3.761512,3.196322,1.020293,5.764523,2.886396,2.195608,0.885581,3.529162,2.319433,1.467903,0.783575,3.806071,2.159671,1.877368,0.826003,4.69833,3.229935,7.973962,5.395479,15.266959,8.655382,11.848639,13.792774,10.9391,9.893398
盈利能力,毛利率,12.128547,0.904001,4.611266,5.899578,7.973629,3.387806,10.306189,15.179354,21.734842,15.626668,18.756525,21.82428,32.758426,30.706949,34.509086,36.545301,32.532301,30.826321,31.020719,31.72836,27.668394,20.172123,22.552864,21.960047,27.174477,25.041818,24.980132,23.656637,23.393828,22.925761,28.484714,32.109492,32.453668,30.164242,28.682913,31.716584,36.491345,40.277053,38.886779,39.566301,42.740674,35.935607,34.423058,33.763326,33.142808,32.689696,34.218611,34.298274,34.294046,32.989466,31.967291,31.455366,32.644871,33.022812,34.414803,33.894753,32.334947,31.278964,30.88097,28.631839,25.77768,29.806587,31.307991,34.30564,33.069191,29.100784,27.923437,27.45688,31.53469,28.596024,30.043783,27.475318,29.465914,29.802682,28.576769,27.541108,29.761489,26.053314,31.06747,31.60427,32.959466,32.840312,32.028946,31.52221,29.652233,31.320452,30.484332,30.296758,28.187051,30.597259,28.751885,25.997589,26.503882,28.296623,28.91867,29.291933,26.040332,29.280791,32.000126,31.168752,36.727729,45.552843,45.687204,38.187132,36.93,35.039124,31.286764
盈利能力,销售净利率,-24.005477,-70.026352,-51.80626,-42.715147,-52.539906,-75.573469,-45.292931,-38.212448,-32.228075,-50.711782,-29.593681,-26.500998,-3.156833,1.278691,4.453352,5.490154,4.743903,1.622145,2.134092,1.813295,1.631272,-40.008742,-6.041872,-6.270089,-12.334125,1.44029,2.697438,3.058675,1.69375,-7.885235,3.993424,7.004581,4.288256,1.685371,5.27372,6.597569,5.914567,15.651639,14.915325,15.718575,19.011559,15.128125,12.353941,12.432215,14.166386,13.45313,13.195248,14.060144,15.021495,13.464499,12.029101,12.532954,13.337683,13.622713,13.753046,14.014719,13.491296,12.836325,12.661087,12.732683,14.030931,8.222335,6.913589,7.126608,8.266487,4.993545,5.364058,5.77558,7.615277,6.453059,7.772221,8.566276,7.98892,8.326443,7.56082,7.563499,7.994358,8.629329,12.499202,11.561969,11.432417,11.442859,12.124749,11.565856,10.189833,11.172954,10.922705,9.490306,9.81821,9.303953,9.618234,7.734073,10.305678,9.995152,9.995523,10.596466,12.219281,10.423417,13.477774,15.325425,20.043292,32.009784,37.50474,22.955807,17.550675,13.730016,12.666393
盈利能力,成本费用利润率,-18.574955,-50.108469,-38.009348,-33.382769,-39.329095,-57.244245,-33.834111,-30.295737,-26.984375,-41.180524,-24.821856,-22.750369,-3.362174,1.575082,4.541512,5.370402,4.408801,-0.797413,2.276922,1.960386,1.658262,-38.505938,-6.073007,-6.219786,-11.19022,1.448804,1.672148,2.234427,-0.197644,-7.528577,5.258655,9.44165,5.553796,3.45699,7.229429,9.21115,9.166272,23.273426,21.554872,23.058574,28.47561,21.400743,17.11594,16.747667,18.676217,18.488876,18.089065,19.242132,20.468857,18.010783,15.947423,16.698383,18.444822,18.254335,18.649202,18.838051,18.552094,17.032068,16.767576,16.650576,18.079378,10.652091,9.655708,10.664426,10.754052,5.566285,7.811243,8.418681,10.845818,9.851262,11.699528,12.254656,11.879293,14.066925,12.290225,12.179875,12.824095,14.67514,21.526725,20.075219,19.779854,20.709588,20.896795,19.77835,17.477221,18.857164,18.468894,16.453061,16.720131,15.825043,16.596073,13.547172,17.177458,15.94467,16.17261,16.682894,16.834968,13.660907,17.191169,22.767859,38.511077,55.238452,65.273131,34.662095,25.930811,19.912959,14.099153
盈利能力,营业利润率,-22.144772,-71.447774,-52.397487,-44.526528,-53.091397,-80.355007,-46.712454,-39.553324,-33.890836,-52.918002,-30.600856,-27.342246,-3.251834,1.658698,4.333494,4.993145,4.20885,2.051246,2.381674,1.834298,1.599614,-37.680071,-6.046122,-6.384084,-12.399508,-2.234771,-1.916098,-2.725909,-11.272313,-7.539752,4.750832,8.323108,5.63863,2.95458,6.667197,8.130238,7.579997,18.683673,17.11683,17.839873,21.339922,17.040165,14.107401,13.858872,15.366823,15.203298,14.921973,15.787686,16.485343,15.346405,13.554696,14.136292,15.636991,15.38135,15.566986,15.688511,16.005752,14.317641,14.034201,13.842571,14.613759,9.419532,8.436234,8.955383,9.288213,5.110228,7.158537,7.550329,8.946296,8.337535,9.698039,9.963686,9.616285,12.122768,10.835625,10.645824,11.155081,12.912222,17.80222,16.72218,16.540043,17.382859,17.335955,16.554893,14.939673,16.377737,15.605843,14.158661,14.373033,13.791157,14.366858,12.226073,14.700632,12.724097,12.323478,11.881096,9.478567,11.894743,14.625164,16.855304,26.960448,34.501889,38.520799,22.259144,17.716705,16.441677,10.288326
盈利能力,总资产净利率_平均,-1.327096,-12.566806,-6.726469,-3.847755,-2.15265,-11.723097,-4.904959,-2.818882,-1.180879,-8.570483,-3.836499,-2.238645,-0.160239,0.303098,0.776611,0.672406,0.273367,0.416267,0.391391,0.229744,0.100125,-9.40139,-1.038395,-0.686907,-0.450277,0.354635,0.531119,0.41354,0.134928,-2.20369,0.916939,1.113993,0.268383,0.541767,1.19245,0.957563,0.340017,4.537669,3.179136,2.281522,1.284888,4.379525,2.737047,1.878526,1.05599,4.703834,3.330749,2.447978,1.319974,4.997981,3.352513,2.454079,1.250587,4.86574,3.397105,2.497562,1.175654,4.713163,3.47289,2.283142,1.306693,2.822057,1.618441,0.956353,0.448949,1.072769,0.899578,0.673754,0.417566,1.987134,1.826378,1.340287,0.670743,3.018602,2.143726,1.401959,0.70883,3.282775,3.432743,2.149517,0.98084,4.756085,3.761512,2.311524,1.020293,4.472797,2.91459,1.71873,0.916108,2.785471,2.319433,1.139606,0.783575,3.008742,2.159671,1.466743,0.826003,3.59392,2.629829,7.973962,5.395479,15.266959,8.655382,11.848639,13.792774,10.9391,9.893398
盈利能力,总资产净利率_平均(含少数股东损益),-1.305271,-12.564179,-6.71645,-3.840294,-2.161107,-11.725311,-4.904959,-2.818882,-1.180879,-8.570483,-3.836499,-2.238645,-0.160239,0.303098,0.776611,0.672406,0.273367,0.416267,0.391391,0.229744,0.100125,-9.40139,-1.038395,-0.686907,-0.450277,0.381,0.55753,0.438663,0.11283,-2.315303,0.905066,1.102523,0.265941,0.525188,1.186707,0.955516,0.337591,4.537353,3.176689,2.281522,1.284888,4.379525,2.737047,1.878526,1.05599,4.703834,3.330749,2.447978,1.319974,4.997981,3.352513,2.454079,1.250587,4.86574,3.397105,2.497562,1.175654,4.713163,3.47289,2.283142,1.306693,3.014914,1.809684,1.146258,0.522076,1.460046,1.193677,0.88224,0.50616,2.162368,1.882739,1.357095,0.670743,3.018602,2.143726,1.401959,0.70883,3.282775,3.432743,2.149517,0.98084,4.756085,3.761512,2.311524,1.020293,4.472797,2.886396,1.689308,0.885581,2.785471,2.319433,1.139606,0.783575,3.008742,2.159671,1.466743,0.826003,3.59392,2.629829,7.973962,5.395479,15.266959,8.655382,11.848639,13.792774,10.9391,9.893398
成长能力,归母净利润,-96526368.67,-950044769.06,-522761655.87,-299260842.78,-167411096.39,-983241221.9,-425342760.02,-248419842.01,-105861600.54,-798492094.42,-366310106.33,-219404072.93,-15833518.31,30818940.9,80513790.19,70024937.26,28717405.09,43024700.11,40491485.82,23963179.02,10291196.67,-980415270.43,-115444476.99,-75492302.71,-49895100.61,39061990.38,58399374.57,47801916.07,15277138.29,-237604386.97,101550960.27,122556343.08,28666539.95,51426433.36,110724540.44,186825609.75,109945947.11,267771348.98,254928210.66,181938124.25,100844720.17,274870323.1,157276688.42,105369447.63,58012945.51,223599382.19,159427829.59,113663710.99,61219317.51,209549573.03,139420453.3,98427367.04,49797695.84,171075403.08,121009352.72,81915761.11,38123207.27,130821931.6,95489955.85,62968241.58,31809817.22,63244672.89,36576800.34,21765838.78,10144314.79,21961562.5,18606309.94,13632517.67,8388417.93,38717629.83,36344593.49,26285148.06,12893826.83,56955997.67,39768996.83,26578647.68,13024076.9,57398488.68,59918441.09,37262025.78,15915804.63,71237731.58,56551019.2,34858475.96,14997971.81,60093665.09,42975581.43,24285259.15,12475426.92,32404314.75,24382293.8,11839308.21,8172507.31,30022962.31,21432672.39,14479937.26,8031019.63,29539390.96,22064237.81,48878789.3,33057537.0,74523860.0,41119999.0,40735140.06,32778715.91,23704580.43,20116284.86
成长能力,营业总收入,395488510.05,1356412412.06,1007567399.33,699238134.16,319887881.2,1301285899.5,939093018.28,650101867.19,328476335.51,1574569180.76,1237798383.72,827908698.76,501563240.42,2410193840.71,1807936731.84,1275463838.53,605353852.91,2652332244.24,1897363293.92,1321526410.8,630869340.46,2450502580.91,1910739938.88,1204006708.54,404528898.5,2913720060.71,2272652492.83,1657774515.37,754250866.77,3165898900.03,2510026252.2,1731645811.93,662408049.55,2957961565.56,2089439974.92,1468288726.88,675060368.91,2177955806.8,1707853927.27,1157472065.03,530438960.4,1816949034.99,1273089140.23,847551617.8,409511237.98,1662062031.88,1208221530.09,808410681.24,407544763.97,1556311681.43,1159026355.44,785348487.08,373360903.72,1255810040.57,879873049.16,584498033.2,282576302.05,1019154065.29,754200263.59,494540209.19,226712091.55,821746664.22,591572448.93,366063723.08,142704629.11,598569468.91,460271860.53,309076345.59,133523000.98,652898263.58,482052445.66,321300012.14,161396366.5,696704483.93,533347717.83,362187779.22,167174580.63,699985311.05,512600810.13,336153696.89,149072808.36,635852180.16,476705907.86,307792114.47,150051406.66,545887463.46,395571271.05,254890820.6,124610893.48,354549964.74,259004096.05,157162669.21,81096599.44,304874064.15,217419475.99,138868838.82,66503057.89,289324929.47,166700652.72,324621945.87,167232316.0,244398906.0,120557320.0,178134339.86,187348531.69,173737235.13,159039782.57
成长能力,净利润,-94938905.36,-949846135.07,-521982988.29,-298680598.83,-168068792.69,-983426898.92,-425342760.02,-248419842.01,-105861600.54,-798492094.42,-366310106.33,-219404072.93,-15833518.31,30818940.9,80513790.19,70024937.26,28717405.09,43024700.11,40491485.82,23963179.02,10291196.67,-980415270.43,-115444476.99,-75492302.71,-49895100.61,41966019.23,61303403.42,50705944.92,12775129.54,-249638591.55,100236004.67,121294547.24,28405754.33,49852632.5,110191229.04,186641189.38,109731247.47,267745655.81,254731963.83,181938124.25,100844720.17,274870323.1,157276688.42,105369447.63,58012945.51,223599382.19,159427829.59,113663710.99,61219317.51,209549573.03,139420453.3,98427367.04,49797695.84,171075403.08,121009352.72,81915761.11,38123207.27,130821931.6,95489955.85,62968241.58,31809817.22,67566764.16,40898891.61,26087930.05,11796660.92,29889837.64,24689252.98,17850952.39,10168147.57,42131914.12,37466182.75,26614775.79,12893826.83,56955997.67,39768996.83,26578647.68,13024076.9,57398488.68,59941276.37,37255947.12,15876915.98,71237731.58,56551019.2,34858475.96,14997971.81,60093665.09,42975581.43,24285259.15,12475426.92,32404314.75,24382293.8,11839308.21,8172507.31,30022962.31,21432672.39,14479937.26,8031019.63,29539390.96,22064237.81,48878789.3,33057537.0,74523860.0,41119999.0,40735140.06,32778715.91,23704580.43,20116284.86
成长能力,扣非净利润,-96449226.95,-959706318.13,-521613007.48,-300119388.68,-167920791.94,-998759274.16,-443507401.68,-258554402.66,-125180534.8,-800721251.09,-373112397.02,-223752048.91,-16612030.3,15755450.09,67284152.67,57384069.8,17715536.29,115307812.33,41976564.32,23245642.49,8748428.05,-630518595.55,-117411573.85,-77905829.3,-50868600.44,-37854299.71,36768923.53,27114045.03,6349127.0,-134837446.75,91898564.85,116393468.77,28756498.74,330173192.27,100924035.6,78240594.31,27491261.48,362777627.96,238991121.72,171221527.23,96530561.76,260725393.91,153507705.47,97808162.52,57738080.23,219427903.23,157731148.32,112608372.7,60792277.59,209672317.04,140446135.12,99833243.07,50663151.57,170707821.49,121524794.06,81519256.83,38912573.04,125484999.02,91022911.9,59137726.79,28554185.02,61217866.59,36264686.61,21187499.05,9736269.71,21998716.92,18548622.85,13338415.69,7563843.33,35416951.28,33334108.06,23795954.61,12826353.63,49469957.04,40113701.79,26761311.87,,53596853.47,59772232.57,36722380.13,16174082.78,70822565.85,56782647.75,34931319.07,15095688.04,56648035.81,42744310.35,24235518.21,12463760.16,32842043.43,24783291.98,12413764.75,8199965.07,27552837.4,18607800.86,11738970.73,,29491322.06,21955644.32,45228150.15,31430000.0,63151264.0,,,,,
成长能力,营业总收入增长率,23.633477,4.23631,7.291544,7.558241,-2.614634,-17.356066,-24.131988,-21.476623,-34.509487,-34.670433,-31.535304,-35.089598,-17.145445,-9.129263,-4.713201,-3.485558,-4.044496,8.236255,-0.700076,9.760718,55.951612,-15.897803,-15.924676,-27.372106,-46.366797,-7.965473,-9.457022,-4.265958,13.864991,7.029751,20.129139,17.936328,-1.87425,35.813663,22.343014,12.709405,-4.773209,29.97689,34.15038,36.566557,29.529768,9.318966,5.36885,4.841714,0.482517,6.794933,4.244525,2.936555,9.155714,23.928908,31.726543,34.362896,32.127464,23.220824,16.663052,18.190194,24.641037,24.022902,27.490768,35.096754,58.868071,37.285095,28.526746,18.437961,6.876439,-8.321173,-4.518301,-3.80444,-17.270131,-6.287632,-9.617604,-11.289107,-3.456395,-0.468699,4.04738,7.744696,12.142906,6.730454,3.848455,6.542031,-3.876862,16.480451,20.51075,20.754491,20.415962,53.9663,52.727805,62.182801,53.657359,16.293908,19.126446,13.173459,21.944166,5.37428,,-16.695683,,-10.873268,-0.317918,32.824631,38.716019,37.199209,,-4.918208,7.834415,9.241368,
成长能力,归属母公司净利润增长率,42.341714,3.376226,-22.903621,-20.465756,-58.141474,-23.137251,-16.115485,-13.224808,-568.591771,-2690.91348,-554.965671,-413.322769,-155.135616,-28.36919,98.841283,192.218896,179.048258,104.388415,135.074424,131.742546,120.625665,-2609.895837,-297.681016,-257.927357,-426.599783,116.439928,-42.492543,-60.995967,-46.707421,-562.027738,-8.285046,-34.400672,-73.926696,-80.794646,-56.566383,-52.59103,-70.161686,34.484134,62.088999,72.666867,73.831408,22.929822,-1.349288,-7.297195,-5.237516,6.704766,14.350388,15.479784,22.936044,22.489597,15.214609,20.156811,30.623049,30.769666,26.724692,30.090596,19.8473,106.850515,161.067001,189.298483,213.572852,187.97893,96.582774,59.661181,20.932396,-43.277616,-48.805838,-48.136043,-34.942371,-32.021856,-8.610736,-1.104268,-1.000071,-0.77091,-32.699414,-27.72045,-16.029782,-20.750972,5.099021,5.289872,7.294794,18.544494,31.588723,43.537591,20.220108,85.449578,76.257335,105.123971,52.651156,7.93177,13.762266,-18.236467,1.761764,1.637038,,-34.373725,,-39.566033,-33.255046,-34.411892,-19.607155,82.947351,,24.273141,38.280093,17.837764,
收益质量,经营活动净现金/销售收入,0.118049,-0.111066,-0.133333,-0.142022,-0.268063,0.031728,0.099225,0.046128,0.24105,0.278687,0.21501,0.164661,0.140426,0.292781,0.287273,0.306346,0.224276,0.368976,0.392174,0.36629,0.223517,0.175254,0.058738,0.113142,-0.071503,0.095144,0.074636,0.052713,0.244013,0.09238,-0.042712,-0.033534,-0.059864,0.008884,0.011225,0.02854,0.057609,0.08841,0.055854,0.078732,-0.13225,0.261659,0.040459,0.087676,-0.214497,0.257119,0.246326,0.171233,0.088306,0.28495,0.220593,0.259963,0.335795,0.303129,0.290716,0.288617,0.360844,0.223297,0.13629,0.178131,0.414461,0.452794,0.325776,0.283354,0.214821,0.259199,0.225675,0.079121,-0.018359,0.282457,0.184179,0.091174,-0.000725,0.217348,0.095527,0.059282,-0.109777,0.136677,0.101097,0.111623,0.010802,0.093466,0.088264,0.050335,0.013399,0.211357,0.262343,0.203898,0.127545,0.088442,0.034108,-0.028181,-0.100663,0.050742,,-0.096278,,-0.034397,-0.039901,0.070231,-0.065155,0.231511,0.263153,0.211407,,,
收益质量,经营性现金净流量/营业总收入,0.118049,-0.111066,-0.133333,-0.142022,-0.268063,0.031728,0.099225,0.046128,0.24105,0.278687,0.21501,0.164661,0.140426,0.292781,0.287273,0.306346,0.224276,0.368976,0.392174,0.36629,0.223517,0.175254,0.058738,0.113142,-0.071503,0.095144,0.074636,0.052713,0.244013,0.09238,-0.042712,-0.033534,-0.059864,0.008884,0.011225,0.02854,0.057609,0.08841,0.055854,0.078732,-0.13225,0.261659,0.040459,0.087676,-0.214497,0.257119,0.246326,0.171233,0.088306,0.28495,0.220593,0.259963,0.335795,0.303129,0.290716,0.288617,0.360844,0.223297,0.13629,0.178131,0.414461,0.452794,0.325776,0.283354,0.214821,0.259199,0.225675,0.079121,-0.018359,0.282457,0.184179,0.088164,-0.000725,0.213397,0.095527,0.058284,-0.109777,0.131758,0.097105,0.108054,0.010542,0.091511,0.086358,0.049288,0.013143,0.208245,0.258413,0.201197,0.125722,0.086879,0.033384,-0.027449,-0.098434,0.049993,,-0.094739,,-0.033692,-0.039184,0.069001,-0.064259,0.220539,0.239322,0.210595,,,
收益质量,成本费用率,122.660574,144.173983,140.085204,133.679379,134.994035,141.738097,138.217516,130.631874,125.581849,129.26437,122.156873,119.208382,98.806478,96.954281,93.696039,90.420167,94.908587,93.002229,93.701455,91.576791,97.06358,105.759717,102.995585,104.331963,111.120134,96.570984,99.077607,98.479489,100.393889,100.040705,93.663006,89.351202,93.373663,89.931249,91.366924,87.475624,87.029544,79.600436,81.319525,79.326481,76.031101,81.798291,83.439972,83.797139,82.785494,83.835574,83.436804,82.89034,81.182873,85.278531,85.418042,84.423798,84.209038,85.672055,84.138137,83.904958,84.733207,87.895887,87.875157,88.842313,90.154216,91.333064,88.212366,85.853916,89.845171,92.568134,92.791307,92.360416,90.262168,91.774626,90.238146,93.083569,89.693589,88.509169,88.627851,89.469009,87.975552,90.461781,85.670095,86.075333,85.426397,84.512081,84.474592,85.305169,86.602508,85.987985,86.071556,87.3816,87.289908,87.960625,87.633515,90.059551,87.230771,88.615075,88.901887,89.55055,91.594209,89.948986,86.885393,83.429401,74.654927,68.689317,67.597835,78.040549,82.539888,84.085559,89.837971
收益质量,期间费用率,34.789122,45.077984,44.696471,39.578957,42.967664,45.125903,48.523705,45.811228,47.316692,44.891039,40.913399,41.032663,31.564905,27.66123,28.205126,26.965468,27.440889,23.828551,24.722174,23.305152,24.731975,25.931841,25.548449,26.292011,38.294612,21.612802,24.05774,22.136127,23.787718,22.966467,22.14772,21.460695,25.827332,20.095492,20.049837,19.192209,23.52089,19.877489,20.206305,18.892782,18.771776,17.733899,17.863031,17.560466,15.928303,16.525271,17.655416,17.188614,15.47692,18.267997,17.385334,15.879165,16.853909,18.694868,18.55294,17.799712,17.068154,19.174852,18.756128,17.474152,15.931896,21.139651,19.520357,20.159556,22.914362,21.668919,20.714744,19.817297,21.796858,20.370651,20.281929,20.558887,19.159503,18.311851,17.20462,17.010117,17.737041,16.515095,16.737566,17.679603,18.385863,17.352394,16.503539,16.827379,16.254742,17.308437,16.555889,17.678358,15.47696,18.557885,16.3854,16.057141,13.734653,16.911698,17.820558,18.842484,17.634542,19.229777,18.885519,14.598154,11.382657,14.24216,13.28504,16.227682,19.469888,19.124684,21.124736
收益质量,销售成本率,87.871452,99.095998,95.388733,94.100421,92.02637,96.612193,89.69381,84.820645,78.265157,84.373331,81.243474,78.175719,67.241573,69.29305,65.490913,63.454698,67.467698,69.173678,68.97928,68.271639,72.331605,79.827876,77.447135,78.039952,72.825522,74.958181,75.019867,76.343362,76.606171,77.074238,71.515285,67.890507,67.546331,69.835757,71.317086,68.283415,63.508654,59.722946,61.11322,60.433698,57.259325,64.064392,65.576941,66.236673,66.857191,67.310303,65.781388,65.701725,65.705953,67.010533,68.032708,68.544633,67.355128,66.977187,65.585196,66.105246,67.665052,68.721035,69.119029,71.36816,74.222319,70.193412,68.692008,65.694359,66.930808,70.899215,72.076562,72.543119,68.465309,71.403975,69.956216,72.524681,70.534085,70.197317,71.42323,72.458891,70.23851,73.946685,68.932529,68.395729,67.040533,67.159687,67.971053,68.477789,70.347766,68.679547,69.515667,69.703241,71.812948,69.40274,71.248114,74.00241,73.496117,71.703376,71.081329,70.708066,73.959667,70.719208,67.999873,68.831247,63.27227,54.447156,54.312795,61.812867,63.069999,64.960875,68.713235
收益质量,经营活动净现金/归属母公司的净利润,,,,,,,,,,,,,,22.896939,6.450721,5.579919,4.72767,22.746203,18.376626,20.200281,13.702015,,,,,7.097042,2.90455,1.828111,12.047245,,-1.05571,-0.473818,-1.383306,0.511015,0.211839,0.431661,0.967082,0.564827,0.374191,0.500889,-0.695632,1.729624,0.327506,0.705238,-1.514126,1.911227,1.866779,1.217865,0.587867,2.116309,1.833829,2.074237,2.517641,2.225175,2.113832,2.059385,2.674645,1.739575,1.076455,1.399009,2.953916,5.883223,5.268916,4.765534,3.021983,7.06456,5.582636,1.793843,-0.292231,4.7631,2.442838,1.07769,-0.009075,2.610344,1.263457,0.783801,-1.373181,1.583866,0.808829,0.965439,0.094489,0.816808,0.727971,0.435207,0.131502,1.891685,2.378582,2.111711,1.255783,0.950589,0.354627,-0.364381,-0.976778,0.507672,,-0.908592,,-0.330005,-0.296051,0.458267,-0.325075,0.723252,0.701654,0.920933,,,
收益质量,所得税/利润总额,,,,,,,,,,,,,,16.267233,-4.656268,-13.06089,-13.373044,,-0.027333,-1.004651,-1.348378,,,,,-2.9422,-62.817495,-39.002099,,,18.92206,16.970221,17.307452,45.789084,20.159348,18.119009,25.858132,15.514135,14.907277,14.06649,12.188089,13.580446,13.497109,11.414012,8.374593,13.207038,12.573361,11.847902,9.602763,12.336688,11.693425,11.097464,14.128861,12.891928,12.351243,11.333245,14.176326,14.255796,14.072021,13.926228,13.917089,15.485297,18.831039,22.163136,14.443277,3.087,25.994151,25.721062,22.211095,28.624173,26.381555,24.903808,25.021619,33.123717,30.587314,30.592351,29.141019,34.997557,32.224136,33.089725,32.341418,34.620097,31.314198,31.449225,32.676882,31.0945,31.288464,33.989426,32.728885,33.160331,33.866763,36.60867,31.222251,29.259802,30.479252,29.071399,20.756191,15.172962,9.766878,19.319011,30.285212,15.636993,14.999999,15.137184,17.999999,17.999999,
财务风险,流动比率,0.321393,0.330196,0.385501,0.3964,0.39247,0.396058,0.492416,0.536301,0.562727,0.569417,0.457928,0.535982,0.600445,0.551858,0.592173,0.569255,0.559909,0.582562,0.624845,0.625454,0.64114,0.60764,0.739233,0.708743,0.686718,0.660548,0.786315,0.823595,0.751526,0.764219,1.120991,1.015676,0.990802,1.012905,0.994675,0.754501,0.758895,0.777594,1.00608,1.023079,1.080748,1.057974,1.105885,1.307799,1.553515,0.876874,1.005318,0.994529,0.983956,0.946788,1.29965,1.39479,1.490399,1.614551,2.038992,1.504631,1.570298,1.514723,1.807093,1.806657,1.178425,1.32511,1.242748,1.23605,1.491854,1.24693,1.226223,1.463948,1.397452,1.54707,1.541948,1.362293,1.495962,1.491484,1.651361,1.550846,1.431177,1.149897,1.065902,1.027437,1.129136,0.946464,0.95855,0.941156,0.937048,0.924914,0.749803,0.979998,1.302617,1.568459,1.611188,1.599537,1.819672,1.73458,2.311064,2.477451,3.891539,5.047034,3.972942,1.550503,1.480161,2.162106,3.760969,5.167014,1.08547,1.054072,0.885287
财务风险,速动比率,0.201298,0.220207,0.266337,0.284784,0.283528,0.283081,0.364139,0.403112,0.431606,0.440297,0.323711,0.398662,0.455997,0.387356,0.444854,0.433616,0.431878,0.463767,0.494164,0.504816,0.5172,0.466992,0.596238,0.550606,0.543158,0.513287,0.607347,0.641858,0.566844,0.561754,0.874867,0.823471,0.775266,0.795954,0.797287,0.629998,0.637912,0.658821,0.901072,0.906019,0.939584,0.870355,0.903442,1.064709,1.25651,0.565961,0.690524,0.644937,0.647074,0.566321,0.932635,0.96311,1.043326,1.068913,1.504097,1.01507,1.090619,1.035422,1.315404,1.38796,0.784272,0.842621,0.828409,0.85513,1.044448,0.77834,0.809878,0.975731,0.877235,0.930666,1.006051,0.880009,1.012202,1.018635,1.182852,1.185469,1.079823,0.849379,0.7476,0.713861,0.705687,0.516515,0.563225,0.555318,0.563579,0.501794,0.470035,0.662112,0.960054,1.049937,0.891453,0.849678,1.039574,1.058787,1.499508,1.713475,2.810474,3.606455,3.22504,1.131682,1.191051,1.661583,3.23914,4.518293,0.781499,0.440865,0.260131
财务风险,保守速动比率,0.122938,0.151198,0.187809,0.202876,0.201762,0.200919,0.214669,0.251427,0.251239,0.265364,0.281116,0.358569,0.403845,0.330367,0.382281,0.361629,0.367405,0.403181,0.423626,0.426883,0.424861,0.363638,0.412771,0.438377,0.429648,0.398987,0.478366,0.535768,0.449941,0.440946,0.643696,0.617795,0.540531,0.569265,0.576548,0.462605,0.522462,0.502071,0.722432,0.690679,0.813406,0.675997,0.674301,0.803656,1.09264,0.53685,0.671519,0.623974,0.62807,0.529301,0.674243,0.644955,0.644358,0.669239,0.963022,0.544591,0.603083,0.59991,0.94976,1.150304,0.539725,0.614438,0.562326,0.591526,0.656802,0.693282,0.751993,0.899888,0.822922,0.803108,0.927946,0.776001,0.885284,0.88502,1.012207,1.041535,0.849425,0.747225,0.630526,0.611501,0.607168,0.436806,0.476416,0.477817,0.509808,0.410528,0.382183,0.479542,0.667896,0.702441,0.768063,0.726699,0.909164,0.931507,1.300617,1.508046,2.537584,3.230381,2.946041,0.958957,1.035249,1.466393,2.888822,4.046122,0.666297,0.32479,0.123547
财务风险,资产负债率,92.783292,91.434549,86.72743,84.009446,82.60766,80.442065,75.2177,73.977635,73.266635,72.290782,69.077772,69.172166,67.65012,65.834102,66.697006,67.106556,68.086267,69.522306,69.601405,70.226773,69.501265,67.723216,64.022653,62.836965,63.208536,61.431673,58.531866,62.464921,61.249643,59.354391,58.413083,57.678472,56.064004,54.122295,51.65405,49.097005,47.565256,44.168872,43.969621,44.245415,43.026489,40.383606,45.172452,43.598218,41.759371,51.510397,53.420547,51.571076,52.007869,51.258662,52.08596,49.672595,49.630949,47.382591,49.888227,42.662231,42.224501,41.333713,41.484354,42.828342,54.312735,53.023114,54.871755,56.069637,54.500885,48.884273,50.127127,48.289084,47.327089,46.306848,48.592474,47.625086,47.267841,47.924798,48.330009,51.078692,48.585525,47.574244,48.068388,47.952121,45.054852,42.661946,43.979808,45.646707,43.198478,38.954483,45.104533,41.938716,38.632463,32.012558,25.45381,24.889916,25.830224,26.743806,25.058639,24.978186,23.369401,20.919518,24.407967,36.813498,33.076499,19.523058,19.661796,17.069135,66.563544,64.541141,67.220704
财务风险,权益乘数,14.209535,7.303515,6.223646,5.716767,5.452167,4.189948,3.802151,3.719744,3.673347,3.220832,3.07136,3.079892,3.00885,3.103165,3.140219,3.159326,3.206944,3.190253,3.194512,3.228945,3.188657,2.812102,2.684863,2.641378,2.655036,2.520843,2.432996,2.556405,2.513091,2.314541,2.294237,2.273384,2.229183,1.991719,1.936771,1.88414,1.855136,1.737239,1.732279,1.736382,1.716725,1.81119,1.919845,1.890444,1.857655,2.057199,2.100644,2.058391,2.067879,1.979436,1.996435,1.944558,1.943444,1.806445,1.854035,1.724647,1.717829,1.862756,1.867386,1.893996,2.159173,2.062417,2.105664,2.135228,2.11812,1.94835,1.971629,1.933344,1.922675,1.907811,1.949066,1.930344,1.904668,1.911983,1.919511,1.973807,1.924352,1.828202,1.837689,1.834422,1.782351,1.692733,1.71329,1.740061,1.699849,1.624211,1.80122,1.745999,1.69511,1.477022,1.341506,1.336476,1.344899,1.315201,1.299945,1.299065,1.284855,1.381417,1.418927,1.414091,1.373078,1.225658,1.226313,1.531913,2.905679,2.92383,3.050706
财务风险,权益乘数(含少数股权的净资产),13.856734,11.674809,7.534336,6.253692,5.749657,5.113014,4.035137,3.842848,3.740644,3.608907,3.233919,3.243821,3.091201,2.926895,3.002733,3.040119,3.133447,3.281088,3.289625,3.358722,3.278824,3.098202,2.779526,2.690845,2.718021,2.592801,2.41149,2.664174,2.580621,2.46029,2.404602,2.362863,2.276038,2.179708,2.068425,1.96452,1.907132,1.791115,1.784746,1.793574,1.755201,1.67739,1.8239,1.772993,1.717014,2.062297,2.146869,2.064881,2.083674,2.051646,2.08707,1.986989,1.985346,1.900511,1.995539,1.744051,1.730837,1.704556,1.708944,1.749118,2.188793,2.128706,2.215907,2.276329,2.197844,1.956345,2.005098,1.933827,1.898509,1.862434,1.94524,1.909311,1.896376,1.920299,1.935359,2.044099,1.944977,1.907459,1.925609,1.921307,1.819996,1.744042,1.78507,1.839814,1.760516,1.638121,1.821644,1.722318,1.629526,1.470859,1.34145,1.331379,1.348258,1.365072,1.334376,1.332945,1.304961,1.264534,1.32289,1.582616,1.494243,1.242591,1.244737,1.205823,2.990747,2.820169,3.050706
财务风险,产权比率,1441.512513,1198.825441,682.261184,539.714071,478.526891,414.222479,303.513798,284.284827,274.064403,260.890742,223.391969,224.382184,209.120162,192.689515,200.273306,204.011951,213.344733,228.108818,228.962582,235.87223,227.88246,209.820217,177.952683,169.084594,171.80218,159.280113,141.149023,166.116434,157.58301,145.673675,140.450743,136.278677,127.623041,118.078052,106.946952,96.548926,90.803467,79.192573,78.47136,79.357447,75.520165,67.739097,82.390064,77.299365,71.701444,106.229777,114.686935,106.488175,108.367492,105.164659,108.707096,98.6989,98.534614,90.05117,99.553907,74.405113,73.08375,70.455651,70.894465,74.911842,118.879379,112.870644,121.590714,127.632994,122.193204,97.427129,102.224536,94.818141,91.928901,88.109957,96.398063,92.734628,89.637601,92.029983,93.535937,104.40991,94.497757,90.745938,92.560941,92.130788,81.999692,74.404247,78.507065,83.981495,76.051622,63.812193,89.458997,78.790499,68.752119,51.516234,34.145018,33.137916,34.825809,36.507229,33.437663,33.294565,30.496174,26.453454,32.289073,58.261649,49.424342,24.259196,24.473781,20.582367,199.074767,182.016973,205.070616
财务风险,现金比率,0.010573,0.042091,0.05317,0.052218,0.05764,0.053672,0.053565,0.086002,0.098378,0.114081,0.127206,0.205713,0.227343,0.176515,0.226738,0.23397,0.238642,0.289405,0.303097,0.317357,0.297733,0.236663,0.200696,0.20557,0.218204,0.183751,0.217838,0.250803,0.16586,0.164444,0.27117,0.280664,0.229653,0.235256,0.249219,0.164407,0.169242,0.116163,0.19637,0.226359,0.362809,0.302724,0.207719,0.315699,0.673084,0.197238,0.290496,0.240058,0.21978,0.256018,0.301232,0.222734,0.324634,0.385866,0.714369,0.306098,0.377984,0.275164,0.673075,0.851259,0.276991,0.318861,0.164694,0.218684,0.20154,0.249598,0.262231,0.293236,0.274079,0.204652,0.240817,0.139432,0.158151,0.257588,0.197987,0.316613,0.178848,0.210395,0.166228,0.171348,0.143862,0.059679,0.087405,0.145787,0.114323,0.07853,0.135346,0.219669,0.347495,0.355801,0.173111,0.136747,0.183348,0.33762,0.463895,0.671779,1.229031,1.807607,1.835827,0.287386,0.277355,0.4103,1.611206,2.569777,0.023829,0.026848,0.044885
营运能力,应收账款周转率,0.644082,1.973234,1.288479,0.864063,0.409571,1.617677,1.101188,0.768066,0.399273,1.970402,1.46263,0.9907,0.57764,3.176924,2.281869,1.719597,0.776643,3.616096,2.538745,1.805066,0.836154,2.593639,1.506381,0.968254,0.332357,2.246784,1.661312,1.067773,0.483025,2.521486,1.903555,1.362845,0.608775,2.644465,1.888698,1.148779,0.427141,2.284348,1.537911,1.17701,0.565305,3.24285,1.988987,1.524654,0.781195,5.00659,2.567017,2.026678,0.888829,6.804759,3.253365,2.399918,1.451828,8.272971,5.138432,3.848985,1.939302,6.471159,4.121346,2.474318,1.089226,3.687101,2.047878,1.280231,0.489376,2.214606,1.44996,0.971894,0.434009,2.157887,1.355655,0.87657,0.457064,2.058209,1.423115,0.924379,0.451879,2.250218,1.608712,1.103731,0.53283,2.964594,2.110894,1.457717,0.682139,3.334472,2.38275,1.629879,0.778621,2.45625,1.683646,1.041857,0.516832,2.234634,1.505727,0.969617,0.458921,2.299784,1.238685,2.908417,1.351747,2.428952,1.070232,1.898276,2.745948,6.773969,16.10276
营运能力,应收账款周转天数,139.733745,182.441606,209.549269,208.318005,219.74176,222.541283,245.18964,234.354777,225.409304,182.703805,184.598906,181.689615,155.806263,113.317145,118.32401,104.675681,115.883307,99.554855,106.351758,99.719308,107.635592,138.801082,179.237437,185.901452,270.792707,160.228985,162.522109,168.575037,186.325595,142.772938,141.839804,132.076569,147.837758,136.133346,142.955621,156.688046,210.703047,157.594147,175.562715,152.929811,159.205914,111.013448,135.747459,118.059516,115.208074,71.905224,105.180443,88.815285,101.256746,52.904149,82.990977,75.002553,61.99081,43.515198,52.54521,46.765571,46.408445,55.631455,65.512572,72.747313,82.627417,97.637669,131.843773,140.599597,183.907635,162.557103,186.211956,185.205335,207.368859,166.8298,199.165593,205.345629,196.908853,174.909314,189.724522,194.725241,199.168218,159.984484,167.83603,163.083206,168.909109,121.433149,127.907845,123.480696,131.937739,107.963116,113.314434,110.437615,115.588938,146.564845,160.366212,172.768351,174.137659,161.100175,179.31529,185.640216,196.111886,156.536372,145.315386,123.778639,133.16094,148.21202,168.187776,189.645674,131.102225,53.144614,22.356414
营运能力,存货周转率,0.468878,1.947746,1.33764,0.966003,0.439557,1.743496,1.085053,0.706477,0.330459,1.66628,1.225978,0.785889,0.4158,2.068581,1.496964,1.028564,0.513369,2.291628,1.562918,1.087352,0.568394,2.420993,1.718533,1.108625,0.355169,2.282026,1.685239,1.135636,0.518031,2.573769,1.97,1.40724,0.533973,3.24913,2.506304,1.784112,0.669389,3.327242,2.902032,1.874909,0.775825,2.442558,1.7266,1.135083,0.532336,2.006625,1.375202,0.923929,0.470686,1.8809,1.469256,1.029294,0.47688,1.664734,1.121816,0.76474,0.391124,1.65069,1.277857,0.923575,0.453881,1.659968,1.182822,0.704969,0.282696,1.303009,1.039675,0.716127,0.281076,1.618389,1.181233,0.805473,0.44208,2.07105,1.699196,1.205075,0.556679,2.052899,1.259841,0.842977,0.349985,1.656689,1.272618,0.819391,0.442479,1.662457,1.280117,0.837496,0.437099,1.29067,1.015946,0.638933,0.342433,1.485305,1.082322,0.715602,0.37354,1.974481,1.293831,3.603019,2.04012,2.891581,1.376276,2.570215,1.818893,1.376158,1.392252
营运能力,存货周转天数,191.947312,184.828951,201.848021,186.33472,204.751481,206.481663,248.835689,254.785356,272.347912,216.050041,220.23217,229.039838,216.449851,174.032289,180.365002,175.001167,175.312178,157.093523,172.753741,165.539748,158.34084,148.699273,157.110682,162.363265,253.399788,157.754512,160.214627,158.501467,173.734614,139.872674,137.055805,127.909867,168.547707,110.798887,107.728338,100.89051,134.45092,108.197707,93.038233,96.004637,116.005502,147.386434,156.376615,158.5786,169.065876,179.405692,196.334688,194.820145,191.209947,191.397647,183.76638,174.876991,188.726594,216.250722,240.681077,235.374007,230.1056,218.090557,211.291131,194.89463,198.289466,216.871552,228.267571,255.330083,318.363006,276.283482,259.696489,251.35177,320.197954,222.443361,228.574553,223.470955,203.582838,173.824862,158.898613,149.368231,161.672836,175.361693,214.312675,213.528739,257.153358,217.300829,212.161043,219.675229,203.399159,216.546906,210.918212,214.926362,205.902921,278.924854,265.76202,281.719464,262.825081,242.374311,249.463465,251.536371,240.9378,182.32635,139.121654,99.9162,88.230073,124.499347,130.787652,140.066099,197.922528,261.597722,258.5737
营运能力,总资产周转率,0.054373,0.17942,0.129645,0.089904,0.041132,0.155151,0.108294,0.073768,0.036641,0.169003,0.129639,0.084474,0.050759,0.237037,0.174388,0.122474,0.057625,0.256615,0.183399,0.1267,0.061378,0.234983,0.171866,0.109553,0.036506,0.26453,0.206688,0.143416,0.066615,0.293625,0.226639,0.1574,0.062016,0.311615,0.225022,0.144828,0.057077,0.289896,0.212981,0.145148,0.067584,0.289495,0.221552,0.151101,0.074541,0.349646,0.25242,0.174107,0.087872,0.371197,0.2787,0.19581,0.093763,0.357178,0.247007,0.178209,0.087141,0.367173,0.274296,0.179313,0.093129,0.366673,0.261757,0.160842,0.063155,0.292386,0.222532,0.152753,0.066466,0.335091,0.242239,0.163831,0.083959,0.369245,0.28353,0.188533,0.088666,0.394622,0.285925,0.192054,0.087913,0.424517,0.317082,0.204102,0.102078,0.406306,0.268275,0.180392,0.091505,0.30477,0.246384,0.151278,0.077754,0.305528,0.219083,0.140667,0.068399,0.352008,0.198689,0.52958,0.272947,0.500675,0.253762,0.518139,0.788333,0.801756,0.782174
营运能力,总资产周转天数,1655.206201,2006.457095,2082.601656,2002.118865,2188.040899,2320.317784,2493.209483,2440.059118,2456.241925,2130.129834,2082.704358,2130.833029,1773.065435,1518.744029,1548.270177,1469.688582,1561.822125,1402.877619,1472.194217,1420.678257,1466.310904,1532.023072,1570.987199,1643.039222,2465.306992,1360.900693,1306.311486,1255.087625,1351.035026,1226.053101,1191.32125,1143.580568,1451.231588,1155.268881,1199.878593,1242.848668,1576.789963,1241.822937,1267.71521,1240.112364,1331.664789,1243.542341,1218.672445,1191.252469,1207.373899,1029.612583,1069.644133,1033.8432,1024.212534,969.835396,968.782912,919.257959,959.862216,1007.899349,1093.084217,1010.04467,1032.800711,980.461916,984.336607,1003.828491,966.396648,981.799104,1031.48866,1119.109859,1425.04876,1231.245609,1213.305881,1178.368281,1354.067896,1074.331908,1114.598897,1098.687828,1071.949174,974.96154,952.277197,954.739814,1015.041561,912.264561,944.302126,937.23394,1023.734661,848.021313,851.51271,881.911151,881.67809,886.030921,1006.429268,997.822733,983.546313,1181.215479,1095.846527,1189.856178,1157.481966,1178.285634,1232.406207,1279.617211,1315.799359,1022.703489,905.934024,679.783943,659.466517,719.028366,709.325799,694.793243,456.65951,449.014396,460.255493
营运能力,流动资产周转率,0.188426,0.605276,0.417151,0.290905,0.134397,0.452455,0.293477,0.197571,0.097059,0.511056,0.446039,0.277044,0.164935,0.725835,0.512344,0.356103,0.164103,0.718889,0.497085,0.334446,0.165704,0.688855,0.457529,0.316839,0.105131,0.747351,0.554079,0.358013,0.172385,0.80549,0.598328,0.415023,0.170715,0.933472,0.672545,0.451542,0.179251,0.913561,0.651828,0.443277,0.206018,0.93925,0.657721,0.42867,0.200111,1.124461,0.735379,0.526998,0.264948,1.034773,0.663532,0.485382,0.225043,0.813565,0.48782,0.371394,0.17964,0.805585,0.567382,0.36315,0.213101,0.873924,0.606856,0.362108,0.140474,0.710642,0.529313,0.35939,0.157972,0.81137,0.562786,0.386188,0.200702,0.87548,0.653819,0.421778,0.202121,0.998508,0.692891,0.470497,0.22007,1.148209,0.827054,0.526072,0.272954,0.949329,0.655139,0.398786,0.182027,0.669621,0.610147,0.380313,0.194972,0.705201,0.490665,0.305486,0.143865,0.796992,0.419922,1.351741,0.688232,0.928989,0.368492,0.738384,1.225243,1.354977,1.432823
营运能力,流动资产周转天数,477.638676,594.769444,647.246187,618.758053,669.654331,795.657574,920.002165,911.061387,927.263288,704.42364,605.32739,649.7161,545.666601,495.979844,526.989044,505.471441,548.435666,500.772701,543.166036,538.202767,543.134111,522.605785,590.1261,568.111051,856.067498,481.700978,487.294769,502.774747,522.08601,446.932791,451.25725,433.710015,527.194007,385.656659,401.459948,398.633387,502.088398,394.062005,414.219077,406.065813,436.854294,383.284292,410.508348,419.90275,449.748622,320.153123,367.157429,341.556904,339.688255,347.902348,406.912998,370.84138,399.922245,442.496888,553.482802,484.660011,500.99985,446.879855,475.86946,495.662055,422.333015,411.934754,444.915464,497.089036,640.686867,506.583608,510.094469,500.848419,569.717718,443.693719,479.755265,466.093802,448.424287,411.202754,412.958319,426.764481,445.277375,360.537709,389.67135,382.574057,408.959337,313.53151,326.459858,342.15823,329.725582,379.215076,412.126079,451.368783,494.430105,537.617471,442.516271,473.293478,461.604398,510.49265,550.273188,589.22479,625.585871,451.69811,428.65056,266.323145,261.539458,387.517641,488.476159,487.550989,293.819041,265.687003,251.252211
营运能力,应付账款周转率,0.77037,2.65111,1.930987,1.198269,0.588598,1.765038,1.09832,0.757733,0.365502,1.949674,1.655926,1.128032,0.568937,3.259185,2.341695,1.519915,0.786884,4.516242,3.831125,2.787999,1.445639,6.72358,5.192186,3.757922,1.195498,5.056194,3.774128,2.721884,,6.836097,,3.232075,1.488674,6.585113,4.658922,2.544213,0.884397,3.999106,2.565116,1.65587,0.71327,3.075586,2.182476,1.649125,0.820926,3.071834,2.047996,1.259485,0.634994,3.953416,2.607016,1.83949,0.899642,5.460214,3.190685,2.377449,1.353782,6.747135,4.472917,2.889011,1.214182,6.795621,4.369188,2.581476,1.348732,5.586844,3.61467,3.242039,1.437665,6.778088,5.432473,3.159584,1.45721,7.86789,6.700106,4.154597,1.61128,8.435199,6.52225,3.915031,1.874726,10.180734,6.686933,4.794699,2.220276,9.435943,8.256025,4.686107,1.975791,8.514998,6.838442,4.445587,2.147875,6.748011,4.26926,2.493029,1.221495,5.65409,2.706544,5.057835,2.242685,2.661878,1.196644,2.032529,1.453115,2.193396,3.547984
